time,temp,humidity,gas_raw,label
549175,25.0,51.0,659.0,0.0
549775,25.0,51.0,637.0,0.0
550399,25.0,51.0,636.0,0.0
550999,25.0,51.0,649.0,0.0
551599,25.0,51.0,645.0,0.0
552199,25.0,51.0,640.0,0.0
552823,25.0,51.0,649.0,0.0
553423,25.0,51.0,646.0,0.0
554023,25.0,51.0,649.0,0.0
554623,25.0,51.0,634.0,0.0
555247,24.9,51.0,633.0,0.0
555847,24.9,51.0,637.0,0.0
556447,24.9,51.0,644.0,0.0
557047,24.9,51.0,642.0,0.0
557671,25.0,51.0,639.0,0.0
558271,25.0,51.0,650.0,0.0
558871,25.0,51.0,630.0,0.0
559471,25.0,51.0,633.0,0.0
560095,24.9,51.0,632.0,0.0
560695,24.9,51.0,652.0,0.0
561295,24.9,51.0,630.0,0.0
561895,24.9,51.0,632.0,0.0
562519,25.0,51.0,631.0,0.0
563119,25.0,51.0,629.0,0.0
563719,25.0,51.0,652.0,0.0
564319,25.0,51.0,642.0,0.0
564943,25.0,51.0,636.0,0.0
565543,25.0,51.0,632.0,0.0
566143,25.0,51.0,645.0,0.0
566743,25.0,51.0,646.0,0.0
567367,25.0,51.0,636.0,0.0
567967,25.0,51.0,634.0,0.0
568567,25.0,51.0,627.0,0.0
569167,25.0,51.0,632.0,0.0
569791,25.0,51.0,640.0,0.0
570391,25.0,51.0,639.0,0.0
570991,25.0,51.0,633.0,0.0
571591,25.0,51.0,636.0,0.0
572215,25.0,51.0,639.0,0.0
572815,25.0,51.0,639.0,0.0
573415,25.0,51.0,629.0,0.0
574015,25.0,51.0,634.0,0.0
574639,25.0,51.0,637.0,0.0
575239,25.0,51.0,642.0,0.0
575839,25.0,51.0,637.0,0.0
576439,25.0,51.0,630.0,0.0
577063,25.0,51.0,635.0,0.0
577663,25.0,51.0,627.0,0.0
578263,25.0,51.0,633.0,0.0
578863,25.0,51.0,638.0,0.0
579487,25.0,52.0,631.0,0.0
580087,25.0,52.0,629.0,0.0
580687,25.0,52.0,635.0,0.0
581287,25.0,52.0,628.0,0.0
581911,25.0,52.0,632.0,0.0
582511,25.0,52.0,631.0,0.0
583111,25.0,52.0,625.0,0.0
583711,25.0,52.0,629.0,0.0
584335,25.0,52.0,624.0,0.0
584935,25.0,52.0,626.0,0.0
585535,25.0,52.0,624.0,0.0
586135,25.0,52.0,625.0,0.0
586759,25.0,52.0,628.0,0.0
587359,25.0,52.0,625.0,0.0
587959,25.0,52.0,624.0,0.0
588559,25.0,52.0,624.0,0.0
589183,25.0,52.0,625.0,0.0
589783,25.0,52.0,626.0,0.0
590383,25.0,52.0,621.0,0.0
590983,25.0,52.0,621.0,0.0
591607,25.0,52.0,622.0,0.0
592207,25.0,52.0,621.0,0.0
592807,25.0,52.0,625.0,0.0
593407,25.0,52.0,624.0,0.0
594031,25.0,52.0,624.0,0.0
594631,25.0,52.0,622.0,0.0
595231,25.0,52.0,622.0,0.0
595831,25.0,52.0,620.0,0.0
596455,25.0,51.0,623.0,0.0
597055,25.0,51.0,621.0,0.0
597655,25.0,51.0,627.0,0.0
598255,25.0,51.0,620.0,0.0
598879,25.0,51.0,616.0,0.0
599479,25.0,51.0,622.0,0.0
600079,25.0,51.0,616.0,0.0
600679,25.0,51.0,624.0,0.0
601303,25.0,51.0,620.0,0.0
601903,25.0,51.0,620.0,0.0
602503,25.0,51.0,618.0,0.0
603103,25.0,51.0,616.0,0.0
603727,25.0,51.0,622.0,0.0
604327,25.0,51.0,618.0,0.0
604927,25.0,51.0,614.0,0.0
605527,25.0,51.0,622.0,0.0
606151,25.0,51.0,619.0,0.0
606751,25.0,51.0,616.0,0.0
607351,25.0,51.0,617.0,0.0
607951,25.0,51.0,613.0,0.0
608575,25.0,51.0,621.0,0.0
609175,25.0,51.0,618.0,0.0
609775,25.0,51.0,617.0,0.0
610375,25.0,51.0,621.0,0.0
610999,25.0,51.0,620.0,0.0
611599,25.0,51.0,618.0,0.0
612199,25.0,51.0,613.0,0.0
612799,25.0,51.0,619.0,0.0
613423,25.0,51.0,619.0,0.0
614023,25.0,51.0,613.0,0.0
614623,25.0,51.0,617.0,0.0
615223,25.0,51.0,611.0,0.0
615847,25.0,51.0,613.0,0.0
616447,25.0,51.0,610.0,0.0
617047,25.0,51.0,612.0,0.0
617647,25.0,51.0,614.0,0.0
618271,25.0,51.0,615.0,0.0
618871,25.0,51.0,613.0,0.0
619471,25.0,51.0,617.0,0.0
620071,25.0,51.0,619.0,0.0
620695,25.0,51.0,613.0,0.0
621295,25.0,51.0,614.0,0.0
621895,25.0,51.0,614.0,0.0
622495,25.0,51.0,617.0,0.0
623119,25.0,51.0,615.0,0.0
623719,25.0,51.0,613.0,0.0
624319,25.0,51.0,616.0,0.0
624919,25.0,51.0,614.0,0.0
625543,25.0,51.0,615.0,0.0
626143,25.0,51.0,612.0,0.0
626743,25.0,51.0,612.0,0.0
627343,25.0,51.0,608.0,0.0
627967,25.0,51.0,610.0,0.0
628567,25.0,51.0,611.0,0.0
629167,25.0,51.0,613.0,0.0
629767,25.0,51.0,613.0,0.0
630391,25.0,51.0,612.0,0.0
630991,25.0,51.0,610.0,0.0
631591,25.0,51.0,611.0,0.0
632191,25.0,51.0,605.0,0.0
632815,25.0,51.0,610.0,0.0
633415,25.0,51.0,611.0,0.0
634015,25.0,51.0,611.0,0.0
634615,25.0,51.0,608.0,0.0
635239,25.0,51.0,610.0,0.0
635839,25.0,51.0,607.0,0.0
636439,25.0,51.0,611.0,0.0
637039,25.0,51.0,604.0,0.0
637663,25.0,51.0,612.0,0.0
638263,25.0,51.0,605.0,0.0
638863,25.0,51.0,606.0,0.0
639463,25.0,51.0,604.0,0.0
640087,25.0,51.0,608.0,0.0
640687,25.0,51.0,605.0,0.0
641287,25.0,51.0,607.0,0.0
641887,25.0,51.0,606.0,0.0
642511,25.0,51.0,605.0,0.0
643111,25.0,51.0,606.0,0.0
643711,25.0,51.0,606.0,0.0
644311,25.0,51.0,606.0,0.0
644935,25.0,51.0,607.0,0.0
645535,25.0,51.0,610.0,0.0
646135,25.0,51.0,612.0,0.0
646735,25.0,51.0,609.0,0.0
647359,25.0,51.0,604.0,0.0
647959,25.0,51.0,606.0,0.0
648559,25.0,51.0,605.0,0.0
649159,25.0,51.0,601.0,0.0
649783,25.0,51.0,606.0,0.0
650383,25.0,51.0,602.0,0.0
650983,25.0,51.0,599.0,0.0
651583,25.0,51.0,606.0,0.0
652207,25.0,51.0,604.0,0.0
652807,25.0,51.0,605.0,0.0
653407,25.0,51.0,606.0,0.0
654007,25.0,51.0,608.0,0.0
654631,25.0,51.0,603.0,0.0
655231,25.0,51.0,605.0,0.0
655831,25.0,51.0,606.0,0.0
656431,25.0,51.0,606.0,0.0
657055,25.0,51.0,605.0,0.0
657655,25.0,51.0,603.0,0.0
658255,25.0,51.0,602.0,0.0
658855,25.0,51.0,601.0,0.0
659479,25.0,51.0,602.0,0.0
660079,25.0,51.0,606.0,0.0
660679,25.0,51.0,607.0,0.0
661279,25.0,51.0,602.0,0.0
661903,25.0,51.0,603.0,0.0
662503,25.0,51.0,600.0,0.0
663103,25.0,51.0,601.0,0.0
663703,25.0,51.0,601.0,0.0
664327,25.0,51.0,598.0,0.0
664927,25.0,51.0,599.0,0.0
665527,25.0,51.0,597.0,0.0
666127,25.0,51.0,599.0,0.0
666751,25.0,51.0,603.0,0.0
667351,25.0,51.0,596.0,0.0
667951,25.0,51.0,597.0,0.0
668551,25.0,51.0,597.0,0.0
669175,25.0,51.0,595.0,0.0
669775,25.0,51.0,595.0,0.0
670375,25.0,51.0,599.0,0.0
670975,25.0,51.0,604.0,0.0
671599,25.0,51.0,600.0,0.0
672199,25.0,51.0,598.0,0.0
672799,25.0,51.0,600.0,0.0
673399,25.0,51.0,600.0,0.0
674023,25.0,51.0,597.0,0.0
674623,25.0,51.0,596.0,0.0
675223,25.0,51.0,595.0,0.0
675823,25.0,51.0,594.0,0.0
676447,25.0,51.0,597.0,0.0
677047,25.0,51.0,592.0,0.0
677647,25.0,51.0,594.0,0.0
678247,25.0,51.0,595.0,0.0
678871,25.0,51.0,597.0,0.0
679471,25.0,51.0,591.0,0.0
680071,25.0,51.0,590.0,0.0
680671,25.0,51.0,598.0,0.0
681295,25.0,51.0,590.0,0.0
681895,25.0,51.0,591.0,0.0
682495,25.0,51.0,595.0,0.0
683095,25.0,51.0,587.0,0.0
683719,25.0,51.0,589.0,0.0
684319,25.0,51.0,589.0,0.0
684919,25.0,51.0,589.0,0.0
685519,25.0,51.0,589.0,0.0
686143,25.0,51.0,592.0,0.0
686743,25.0,51.0,587.0,0.0
687343,25.0,51.0,593.0,0.0
687943,25.0,51.0,594.0,0.0
688567,25.0,51.0,596.0,0.0
689167,25.0,51.0,593.0,0.0
689767,25.0,51.0,592.0,0.0
690367,25.0,51.0,592.0,0.0
690991,25.0,51.0,594.0,0.0
691591,25.0,51.0,596.0,0.0
692191,25.0,51.0,593.0,0.0
692791,25.0,51.0,591.0,0.0
693415,25.0,51.0,593.0,0.0
694015,25.0,51.0,593.0,0.0
694615,25.0,51.0,595.0,0.0
695215,25.0,51.0,589.0,0.0
695839,25.0,51.0,593.0,0.0
696439,25.0,51.0,597.0,0.0
697039,25.0,51.0,591.0,0.0
697639,25.0,51.0,591.0,0.0
698263,25.0,51.0,595.0,0.0
698863,25.0,51.0,590.0,0.0
699463,25.0,51.0,591.0,0.0
700063,25.0,51.0,586.0,0.0
700687,25.0,51.0,587.0,0.0
701287,25.0,51.0,587.0,0.0
701887,25.0,51.0,590.0,0.0
702487,25.0,51.0,589.0,0.0
703111,25.0,51.0,588.0,0.0
703711,25.0,51.0,588.0,0.0
704311,25.0,51.0,588.0,0.0
704911,25.0,51.0,587.0,0.0
705535,25.0,51.0,584.0,0.0
706135,25.0,51.0,586.0,0.0
706735,25.0,51.0,588.0,0.0
707335,25.0,51.0,582.0,0.0
707959,25.0,51.0,586.0,0.0
708559,25.0,51.0,587.0,0.0
709159,25.0,51.0,589.0,0.0
709759,25.0,51.0,586.0,0.0
710383,25.0,51.0,585.0,0.0
710983,25.0,51.0,587.0,0.0
711583,25.0,51.0,586.0,0.0
712183,25.0,51.0,589.0,0.0
712807,25.0,51.0,587.0,0.0
713407,25.0,51.0,588.0,0.0
714007,25.0,51.0,586.0,0.0
714607,25.0,51.0,582.0,0.0
715231,25.0,51.0,589.0,0.0
715831,25.0,51.0,586.0,0.0
716431,25.0,51.0,589.0,0.0
717031,25.0,51.0,587.0,0.0
717655,25.0,51.0,584.0,0.0
718255,25.0,51.0,586.0,0.0
718855,25.0,51.0,583.0,0.0
719455,25.0,51.0,588.0,0.0
720079,25.0,51.0,585.0,0.0
720679,25.0,51.0,583.0,0.0
721279,25.0,51.0,580.0,0.0
721879,25.0,51.0,583.0,0.0
722503,25.0,51.0,584.0,0.0
723103,25.0,51.0,587.0,0.0
723703,25.0,51.0,585.0,0.0
724303,25.0,51.0,585.0,0.0
724927,25.0,51.0,583.0,0.0
725527,25.0,51.0,582.0,0.0
726127,25.0,51.0,583.0,0.0
726727,25.0,51.0,581.0,0.0
727351,25.0,51.0,580.0,0.0
727951,25.0,51.0,584.0,0.0
728551,25.0,51.0,584.0,0.0
729151,25.0,51.0,579.0,0.0
729775,25.0,51.0,582.0,0.0
730375,25.0,51.0,584.0,0.0
730975,25.0,51.0,580.0,0.0
731575,25.0,51.0,581.0,0.0
732199,25.0,51.0,579.0,0.0
732799,25.0,51.0,578.0,0.0
733399,25.0,51.0,580.0,0.0
733999,25.0,51.0,582.0,0.0
734623,25.0,51.0,577.0,0.0
735223,25.0,51.0,578.0,0.0
735823,25.0,51.0,581.0,0.0
736423,25.0,51.0,580.0,0.0
737047,25.0,51.0,578.0,0.0
737647,25.0,51.0,581.0,0.0
738247,25.0,51.0,581.0,0.0
738847,25.0,51.0,580.0,0.0
739471,25.0,51.0,580.0,0.0
740071,25.0,51.0,576.0,0.0
740671,25.0,51.0,578.0,0.0
741271,25.0,51.0,581.0,0.0
741895,25.0,51.0,575.0,0.0
742495,25.0,51.0,578.0,0.0
743095,25.0,51.0,576.0,0.0
743695,25.0,51.0,577.0,0.0
744319,25.0,51.0,576.0,0.0
744919,25.0,51.0,578.0,0.0
745519,25.0,51.0,576.0,0.0
746119,25.0,51.0,575.0,0.0
746743,25.0,51.0,576.0,0.0
747343,25.0,51.0,577.0,0.0
747943,25.0,51.0,576.0,0.0
748543,25.0,51.0,575.0,0.0
749167,25.0,51.0,575.0,0.0
749767,25.0,51.0,575.0,0.0
750367,25.0,51.0,576.0,0.0
750967,25.0,51.0,576.0,0.0
751591,25.0,51.0,578.0,0.0
752191,25.0,51.0,576.0,0.0
752791,25.0,51.0,576.0,0.0
753391,25.0,51.0,573.0,0.0
754015,25.0,51.0,575.0,0.0
754615,25.0,51.0,575.0,0.0
755215,25.0,51.0,573.0,0.0
755815,25.0,51.0,572.0,0.0
756439,25.0,51.0,571.0,0.0
757039,25.0,51.0,572.0,0.0
757639,25.0,51.0,571.0,0.0
758239,25.0,51.0,571.0,0.0
758863,25.0,51.0,572.0,0.0
759463,25.0,51.0,568.0,0.0
760063,25.0,51.0,569.0,0.0
760663,25.0,51.0,574.0,0.0
761287,25.0,51.0,571.0,0.0
761887,25.0,51.0,573.0,0.0
762487,25.0,51.0,574.0,0.0
763087,25.0,51.0,573.0,0.0
763711,25.0,51.0,569.0,0.0
764311,25.0,51.0,571.0,0.0
764911,25.0,51.0,569.0,0.0
765511,25.0,51.0,569.0,0.0
766135,25.0,51.0,570.0,0.0
766735,25.0,51.0,571.0,0.0
767335,25.0,51.0,569.0,0.0
767935,25.0,51.0,574.0,0.0
768559,25.0,51.0,573.0,0.0
769159,25.0,51.0,569.0,0.0
769759,25.0,51.0,568.0,0.0
770359,25.0,51.0,570.0,0.0
770983,25.0,51.0,571.0,0.0
771583,25.0,51.0,570.0,0.0
772183,25.0,51.0,569.0,0.0
772783,25.0,51.0,569.0,0.0
773407,25.0,51.0,569.0,0.0
774007,25.0,51.0,569.0,0.0
774607,25.0,51.0,569.0,0.0
775207,25.0,51.0,568.0,0.0
775831,25.0,51.0,568.0,0.0
776431,25.0,51.0,566.0,0.0
777031,25.0,51.0,566.0,0.0
777631,25.0,51.0,566.0,0.0
778255,25.0,51.0,567.0,0.0
778855,25.0,51.0,566.0,0.0
779455,25.0,51.0,566.0,0.0
780055,25.0,51.0,564.0,0.0
780679,25.0,51.0,563.0,0.0
781279,25.0,51.0,563.0,0.0
781879,25.0,51.0,562.0,0.0
782479,25.0,51.0,563.0,0.0
783103,25.0,51.0,561.0,0.0
783703,25.0,51.0,564.0,0.0
784303,25.0,51.0,562.0,0.0
784903,25.0,51.0,563.0,0.0
785527,25.0,51.0,563.0,0.0
786127,25.0,51.0,562.0,0.0
786727,25.0,51.0,562.0,0.0
787327,25.0,51.0,561.0,0.0
787951,25.0,51.0,562.0,0.0
788551,25.0,51.0,563.0,0.0
789151,25.0,51.0,562.0,0.0
789751,25.0,51.0,562.0,0.0
790375,25.0,51.0,563.0,0.0
790975,25.0,51.0,561.0,0.0
791575,25.0,51.0,562.0,0.0
792175,25.0,51.0,561.0,0.0
792799,25.0,51.0,560.0,0.0
793399,25.0,51.0,562.0,0.0
793999,25.0,51.0,562.0,0.0
794599,25.0,51.0,560.0,0.0
795223,25.0,51.0,561.0,0.0
795823,25.0,51.0,559.0,0.0
796423,25.0,51.0,560.0,0.0
797023,25.0,51.0,561.0,0.0
797647,25.0,51.0,560.0,0.0
798247,25.0,51.0,559.0,0.0
798847,25.0,51.0,561.0,0.0
799447,25.0,51.0,557.0,0.0
800071,25.0,51.0,559.0,0.0
800671,25.0,51.0,558.0,0.0
801271,25.0,51.0,560.0,0.0
801871,25.0,51.0,558.0,0.0
802495,25.0,51.0,557.0,0.0
803095,25.0,51.0,558.0,0.0
803695,25.0,51.0,557.0,0.0
804295,25.0,51.0,559.0,0.0
804919,25.0,51.0,557.0,0.0
805519,25.0,51.0,556.0,0.0
806119,25.0,51.0,560.0,0.0
806719,25.0,51.0,559.0,0.0
807343,25.0,51.0,557.0,0.0
807943,25.0,51.0,558.0,0.0
808543,25.0,51.0,558.0,0.0
809143,25.0,51.0,558.0,0.0
809767,25.0,51.0,559.0,0.0
810367,25.0,51.0,560.0,0.0
810967,25.0,51.0,560.0,0.0
811567,25.0,51.0,557.0,0.0
812191,25.0,51.0,559.0,0.0
812791,25.0,51.0,557.0,0.0
813391,25.0,51.0,556.0,0.0
813991,25.0,51.0,558.0,0.0
814615,25.0,51.0,557.0,0.0
815215,25.0,51.0,556.0,0.0
815815,25.0,51.0,557.0,0.0
816415,25.0,51.0,557.0,0.0
817039,25.0,51.0,559.0,0.0
817639,25.0,51.0,559.0,0.0
818239,25.0,51.0,560.0,0.0
818839,25.0,51.0,560.0,0.0
819463,25.0,51.0,560.0,0.0
820063,25.0,51.0,561.0,0.0
820663,25.0,51.0,560.0,0.0
821263,25.0,51.0,558.0,0.0
821887,25.0,51.0,560.0,0.0
822487,25.0,51.0,560.0,0.0
823087,25.0,51.0,561.0,0.0
823687,25.0,51.0,561.0,0.0
824311,25.0,51.0,561.0,0.0
824911,25.0,51.0,560.0,0.0
825511,25.0,51.0,559.0,0.0
826111,25.0,51.0,559.0,0.0
826735,25.0,51.0,561.0,0.0
827335,25.0,51.0,559.0,0.0
827935,25.0,51.0,561.0,0.0
828535,25.0,51.0,560.0,0.0
829159,25.0,51.0,560.0,0.0
829759,25.0,51.0,559.0,0.0
830359,25.0,51.0,560.0,0.0
830959,25.0,51.0,560.0,0.0
831583,25.0,51.0,561.0,0.0
832183,25.0,51.0,560.0,0.0
832783,25.0,51.0,559.0,0.0
833383,25.0,51.0,560.0,0.0
834007,25.0,51.0,562.0,0.0
834607,25.0,51.0,562.0,0.0
835207,25.0,51.0,560.0,0.0
835807,25.0,51.0,562.0,0.0
836431,25.0,51.0,560.0,0.0
837031,25.0,51.0,559.0,0.0
837631,25.0,51.0,561.0,0.0
838231,25.0,51.0,561.0,0.0
838855,25.0,51.0,561.0,0.0
839455,25.0,51.0,562.0,0.0
840055,25.0,51.0,562.0,0.0
840655,25.0,51.0,561.0,0.0
841279,25.0,51.0,561.0,0.0
841879,25.0,51.0,562.0,0.0
842479,25.0,51.0,562.0,0.0
843079,25.0,51.0,562.0,0.0
843703,25.0,51.0,561.0,0.0
844303,25.0,51.0,562.0,0.0
844903,25.0,51.0,561.0,0.0
845503,25.0,51.0,560.0,0.0
846127,25.0,51.0,562.0,0.0
846727,25.0,51.0,558.0,0.0
847327,25.0,51.0,562.0,0.0
847927,25.0,51.0,560.0,0.0
848551,25.0,51.0,560.0,0.0
849151,25.0,51.0,560.0,0.0
849751,25.0,51.0,560.0,0.0
850351,25.0,51.0,562.0,0.0
850975,25.0,51.0,561.0,0.0
851575,25.0,51.0,562.0,0.0
852175,25.0,51.0,562.0,0.0
852775,25.0,51.0,560.0,0.0
853399,25.0,51.0,560.0,0.0
853999,25.0,51.0,560.0,0.0
854599,25.0,51.0,559.0,0.0
855199,25.0,51.0,560.0,0.0
855823,25.0,51.0,557.0,0.0
856423,25.0,51.0,557.0,0.0
857023,25.0,51.0,555.0,0.0
857623,25.0,51.0,556.0,0.0
858247,25.0,51.0,557.0,0.0
858847,25.0,51.0,554.0,0.0
859447,25.0,51.0,556.0,0.0
860047,25.0,51.0,556.0,0.0
860671,25.0,51.0,557.0,0.0
861271,25.0,51.0,558.0,0.0
861871,25.0,51.0,558.0,0.0
862471,25.0,51.0,559.0,0.0
863095,25.0,51.0,560.0,0.0
863695,25.0,51.0,561.0,0.0
864295,25.0,51.0,561.0,0.0
864895,25.0,51.0,560.0,0.0
865519,25.0,51.0,560.0,0.0
866119,25.0,51.0,562.0,0.0
866719,25.0,51.0,560.0,0.0
867319,25.0,51.0,561.0,0.0
867943,25.0,51.0,560.0,0.0
868543,25.0,51.0,562.0,0.0
869143,25.0,51.0,561.0,0.0
869743,25.0,51.0,561.0,0.0
870367,25.0,51.0,562.0,0.0
870967,25.0,51.0,561.0,0.0
871567,25.0,51.0,559.0,0.0
872167,25.0,51.0,563.0,0.0
872791,25.0,51.0,561.0,0.0
873391,25.0,51.0,559.0,0.0
873991,25.0,51.0,559.0,0.0
874591,25.0,51.0,561.0,0.0
875215,25.0,51.0,560.0,0.0
875815,25.0,51.0,558.0,0.0
876415,25.0,51.0,559.0,0.0
877015,25.0,51.0,557.0,0.0
877639,25.0,51.0,556.0,0.0
878239,25.0,51.0,555.0,0.0
878839,25.0,51.0,555.0,0.0
879439,25.0,51.0,553.0,0.0
880063,25.0,51.0,553.0,0.0
880663,25.0,51.0,553.0,0.0
881263,25.0,51.0,554.0,0.0
881863,25.0,51.0,555.0,0.0
882487,25.0,51.0,556.0,0.0
883087,25.0,51.0,554.0,0.0
883687,25.0,51.0,552.0,0.0
884287,25.0,51.0,556.0,0.0
884911,25.0,51.0,552.0,0.0
885511,25.0,51.0,553.0,0.0
886111,25.0,51.0,555.0,0.0
886711,25.0,51.0,553.0,0.0
887335,25.0,51.0,553.0,0.0
887935,25.0,51.0,556.0,0.0
888535,25.0,51.0,554.0,0.0
889135,25.0,51.0,554.0,0.0
889759,25.0,51.0,555.0,0.0
890359,25.0,51.0,556.0,0.0
890959,25.0,51.0,555.0,0.0
891559,25.0,51.0,554.0,0.0
892183,25.0,51.0,554.0,0.0
892783,25.0,51.0,555.0,0.0
893383,25.0,51.0,554.0,0.0
893983,25.0,51.0,555.0,0.0
894607,25.0,51.0,553.0,0.0
895207,25.0,51.0,554.0,0.0
895807,25.0,51.0,553.0,0.0
896407,25.0,51.0,557.0,0.0
897031,25.0,51.0,553.0,0.0
897631,25.0,51.0,555.0,0.0
898231,25.0,51.0,552.0,0.0
898831,25.0,51.0,552.0,0.0
899455,25.0,51.0,554.0,0.0
900055,25.0,51.0,554.0,0.0
900655,25.0,51.0,552.0,0.0
901255,25.0,51.0,551.0,0.0
901879,25.0,51.0,552.0,0.0
902479,25.0,51.0,552.0,0.0
903079,25.0,51.0,552.0,0.0
903679,25.0,51.0,553.0,0.0
904303,24.9,51.0,552.0,0.0
904903,24.9,51.0,550.0,0.0
905503,24.9,51.0,550.0,0.0
906103,24.9,51.0,550.0,0.0
906727,24.9,51.0,552.0,0.0
907327,24.9,51.0,549.0,0.0
907927,24.9,51.0,549.0,0.0
908527,24.9,51.0,549.0,0.0
909151,24.9,51.0,549.0,0.0
909751,24.9,51.0,551.0,0.0
910351,24.9,51.0,549.0,0.0
910951,24.9,51.0,548.0,0.0
911575,24.9,51.0,548.0,0.0
912175,24.9,51.0,548.0,0.0
912775,24.9,51.0,547.0,0.0
913375,24.9,51.0,547.0,0.0
913999,25.0,51.0,547.0,0.0
914599,25.0,51.0,548.0,0.0
915199,25.0,51.0,550.0,0.0
915799,25.0,51.0,547.0,0.0
916423,24.9,51.0,550.0,0.0
917023,24.9,51.0,551.0,0.0
917623,24.9,51.0,550.0,0.0
918223,24.9,51.0,550.0,0.0
918847,24.9,51.0,548.0,0.0
919447,24.9,51.0,547.0,0.0
920047,24.9,51.0,546.0,0.0
920647,24.9,51.0,546.0,0.0
921271,25.0,51.0,547.0,0.0
921871,25.0,51.0,547.0,0.0
922471,25.0,51.0,547.0,0.0
923071,25.0,51.0,548.0,0.0
923695,24.9,51.0,549.0,0.0
924295,24.9,51.0,547.0,0.0
924895,24.9,51.0,547.0,0.0
925495,24.9,51.0,550.0,0.0
926119,25.0,51.0,547.0,0.0
926719,25.0,51.0,546.0,0.0
927319,25.0,51.0,545.0,0.0
927919,25.0,51.0,545.0,0.0
928543,25.0,51.0,545.0,0.0
929143,25.0,51.0,546.0,0.0
929743,25.0,51.0,543.0,0.0
930343,25.0,51.0,544.0,0.0
930967,25.0,51.0,542.0,0.0
931567,25.0,51.0,545.0,0.0
932167,25.0,51.0,543.0,0.0
932767,25.0,51.0,547.0,0.0
933391,25.0,51.0,543.0,0.0
933991,25.0,51.0,544.0,0.0
934591,25.0,51.0,545.0,0.0
935191,25.0,51.0,543.0,0.0
935815,25.0,51.0,545.0,0.0
936415,25.0,51.0,545.0,0.0
937015,25.0,51.0,546.0,0.0
937615,25.0,51.0,546.0,0.0
938239,25.0,51.0,545.0,0.0
938839,25.0,51.0,545.0,0.0
939439,25.0,51.0,544.0,0.0
940039,25.0,51.0,545.0,0.0
940663,25.0,51.0,545.0,0.0
941263,25.0,51.0,545.0,0.0
941863,25.0,51.0,546.0,0.0
942463,25.0,51.0,546.0,0.0
943087,25.0,51.0,545.0,0.0
943687,25.0,51.0,546.0,0.0
944287,25.0,51.0,546.0,0.0
944887,25.0,51.0,545.0,0.0
945511,25.0,51.0,545.0,0.0
946111,25.0,51.0,546.0,0.0
946711,25.0,51.0,545.0,0.0
947311,25.0,51.0,544.0,0.0
947935,25.0,51.0,547.0,0.0
948535,25.0,51.0,546.0,0.0
949135,25.0,51.0,546.0,0.0
949735,25.0,51.0,546.0,0.0
950359,25.0,51.0,547.0,0.0
950959,25.0,51.0,547.0,0.0
951559,25.0,51.0,547.0,0.0
952159,25.0,51.0,547.0,0.0
952783,25.0,51.0,549.0,0.0
953383,25.0,51.0,549.0,0.0
953983,25.0,51.0,549.0,0.0
954583,25.0,51.0,548.0,0.0
955207,25.0,51.0,549.0,0.0
955807,25.0,51.0,546.0,0.0
956407,25.0,51.0,546.0,0.0
957007,25.0,51.0,546.0,0.0
957631,25.0,51.0,547.0,0.0
958231,25.0,51.0,545.0,0.0
958831,25.0,51.0,547.0,0.0
959431,25.0,51.0,548.0,0.0
960055,25.0,51.0,546.0,0.0
960655,25.0,51.0,546.0,0.0
961255,25.0,51.0,547.0,0.0
961855,25.0,51.0,546.0,0.0
962479,25.0,51.0,545.0,0.0
963079,25.0,51.0,546.0,0.0
963679,25.0,51.0,546.0,0.0
964279,25.0,51.0,546.0,0.0
964903,25.0,51.0,544.0,0.0
965503,25.0,51.0,545.0,0.0
966103,25.0,51.0,545.0,0.0
966703,25.0,51.0,546.0,0.0
967327,25.0,51.0,545.0,0.0
967927,25.0,51.0,545.0,0.0
968527,25.0,51.0,546.0,0.0
969127,25.0,51.0,545.0,0.0
969751,25.0,51.0,546.0,0.0
970351,25.0,51.0,544.0,0.0
970951,25.0,51.0,543.0,0.0
971551,25.0,51.0,546.0,0.0
972175,25.0,51.0,545.0,0.0
972775,25.0,51.0,546.0,0.0
973375,25.0,51.0,546.0,0.0
973975,25.0,51.0,547.0,0.0
974599,25.0,51.0,547.0,0.0
975199,25.0,51.0,547.0,0.0
975799,25.0,51.0,546.0,0.0
976399,25.0,51.0,546.0,0.0
977023,25.0,51.0,546.0,0.0
977623,25.0,51.0,547.0,0.0
978223,25.0,51.0,546.0,0.0
978823,25.0,51.0,545.0,0.0
979447,25.0,51.0,546.0,0.0
980047,25.0,51.0,547.0,0.0
980647,25.0,51.0,546.0,0.0
981247,25.0,51.0,546.0,0.0
981871,25.0,51.0,543.0,0.0
982471,25.0,51.0,547.0,0.0
983071,25.0,51.0,546.0,0.0
983671,25.0,51.0,545.0,0.0
984295,25.0,51.0,547.0,0.0
984895,25.0,51.0,545.0,0.0
985495,25.0,51.0,543.0,0.0
986095,25.0,51.0,544.0,0.0
986719,25.0,51.0,542.0,0.0
987319,25.0,51.0,544.0,0.0
987919,25.0,51.0,543.0,0.0
988519,25.0,51.0,545.0,0.0
989143,25.0,51.0,546.0,0.0
989743,25.0,51.0,546.0,0.0
990343,25.0,51.0,544.0,0.0
990943,25.0,51.0,546.0,0.0
991567,25.0,51.0,544.0,0.0
992167,25.0,51.0,542.0,0.0
992767,25.0,51.0,543.0,0.0
993367,25.0,51.0,543.0,0.0
993991,25.0,51.0,542.0,0.0
994591,25.0,51.0,539.0,0.0
995191,25.0,51.0,539.0,0.0
995791,25.0,51.0,540.0,0.0
996415,25.0,51.0,542.0,0.0
997015,25.0,51.0,539.0,0.0
997615,25.0,51.0,538.0,0.0
998215,25.0,51.0,541.0,0.0
998839,25.0,51.0,540.0,0.0
999439,25.0,51.0,541.0,0.0
1000039,25.0,51.0,538.0,0.0
1000639,25.0,51.0,540.0,0.0
1001263,25.0,51.0,540.0,0.0
1001863,25.0,51.0,540.0,0.0
1002463,25.0,51.0,542.0,0.0
1003063,25.0,51.0,538.0,0.0
1003687,25.0,51.0,538.0,0.0
1004287,25.0,51.0,541.0,0.0
1004887,25.0,51.0,541.0,0.0
1005487,25.0,51.0,538.0,0.0
1006111,25.0,51.0,540.0,0.0
1006711,25.0,51.0,540.0,0.0
1007311,25.0,51.0,538.0,0.0
1007911,25.0,51.0,541.0,0.0
1008535,25.0,51.0,541.0,0.0
1009135,25.0,51.0,540.0,0.0
1009735,25.0,51.0,542.0,0.0
1010335,25.0,51.0,537.0,0.0
1010959,25.0,51.0,537.0,0.0
1011559,25.0,51.0,539.0,0.0
1012159,25.0,51.0,540.0,0.0
1012759,25.0,51.0,538.0,0.0
1013383,25.0,51.0,536.0,0.0
1013983,25.0,51.0,540.0,0.0
1014583,25.0,51.0,540.0,0.0
1015183,25.0,51.0,540.0,0.0
1015807,25.0,51.0,540.0,0.0
1016407,25.0,51.0,541.0,0.0
1017007,25.0,51.0,540.0,0.0
1017607,25.0,51.0,536.0,0.0
1018231,25.0,51.0,536.0,0.0
1018831,25.0,51.0,537.0,0.0
1019431,25.0,51.0,539.0,0.0
1020031,25.0,51.0,536.0,0.0
1020655,25.0,51.0,537.0,0.0
1021255,25.0,51.0,539.0,0.0
1021855,25.0,51.0,536.0,0.0
1022455,25.0,51.0,540.0,0.0
1023079,24.9,51.0,541.0,0.0
1023679,24.9,51.0,538.0,0.0
1024279,24.9,51.0,540.0,0.0
1024879,24.9,51.0,538.0,0.0
1025503,24.9,51.0,540.0,0.0
1026103,24.9,51.0,538.0,0.0
1026703,24.9,51.0,539.0,0.0
1027303,24.9,51.0,535.0,0.0
1027927,24.9,51.0,536.0,0.0
1028527,24.9,51.0,539.0,0.0
1029127,24.9,51.0,532.0,0.0
1029727,24.9,51.0,540.0,0.0
1030351,24.9,51.0,538.0,0.0
1030951,24.9,51.0,540.0,0.0
1031551,24.9,51.0,536.0,0.0
1032151,24.9,51.0,541.0,0.0
1032775,24.9,51.0,538.0,0.0
1033375,24.9,51.0,540.0,0.0
1033975,24.9,51.0,537.0,0.0
1034575,24.9,51.0,539.0,0.0
1035199,24.9,51.0,540.0,0.0
1035799,24.9,51.0,537.0,0.0
1036399,24.9,51.0,541.0,0.0
549175,25.0,51.0,658.7978107485592,0.0
549775,25.0,51.0,638.9818188090403,0.0
550399,25.0,51.0,636.7374630768554,0.0
550999,25.0,51.0,649.8411181196376,0.0
551599,25.0,51.0,645.7144389226473,0.0
552199,25.0,51.0,641.5660837641251,0.0
552823,25.0,51.0,648.6392398398998,0.0
553423,25.0,51.0,646.1983657526351,0.0
554023,25.0,51.0,649.2523349018493,0.0
554623,25.0,51.0,634.5265008405349,0.0
555247,24.9,51.0,632.3847927989461,0.0
555847,24.9,51.0,638.4303925534801,0.0
556447,24.9,51.0,643.9775757967454,0.0
557047,24.9,51.0,640.4669996706117,0.0
557671,25.0,51.0,638.537781659931,0.0
558271,25.0,51.0,650.7660836291516,0.0
558871,25.0,51.0,630.3886496043478,0.0
559471,25.0,51.0,635.6717231551479,0.0
560095,24.9,51.0,632.9882727801213,0.0
560695,24.9,51.0,652.0903335474243,0.0
561295,24.9,51.0,629.421415982428,0.0
561895,24.9,51.0,631.9160371275248,0.0
562519,25.0,51.0,632.1961938881473,0.0
563119,25.0,51.0,629.9569078574809,0.0
563719,25.0,51.0,649.6505057478325,0.0
564319,25.0,51.0,641.8625017600291,0.0
564943,25.0,51.0,633.5958182613559,0.0
565543,25.0,51.0,633.4003514389547,0.0
566143,25.0,51.0,644.2386577899787,0.0
566743,25.0,51.0,645.9015652764258,0.0
567367,25.0,51.0,635.2819920403583,0.0
567967,25.0,51.0,632.2390995522859,0.0
568567,25.0,51.0,624.7676906976085,0.0
569167,25.0,51.0,632.8249453872386,0.0
569791,25.0,51.0,638.8556038573081,0.0
570391,25.0,51.0,639.4338022131425,0.0
570991,25.0,51.0,632.5607201190282,0.0
571591,25.0,51.0,635.2949262876258,0.0
572215,25.0,51.0,641.6582423848178,0.0
572815,25.0,51.0,638.8470710738471,0.0
573415,25.0,51.0,628.7882735465829,0.0
574015,25.0,51.0,635.0951782613422,0.0
574639,25.0,51.0,637.9603332184275,0.0
575239,25.0,51.0,643.0982525340147,0.0
575839,25.0,51.0,635.5440977605554,0.0
576439,25.0,51.0,628.9611221561142,0.0
577063,25.0,51.0,636.2208601478494,0.0
577663,25.0,51.0,627.1864853620032,0.0
578263,25.0,51.0,632.1029499209035,0.0
578863,25.0,51.0,639.7151381402674,0.0
579487,25.0,52.0,631.0172418988153,0.0
580087,25.0,52.0,628.3698077171629,0.0
580687,25.0,52.0,634.0478980639068,0.0
581287,25.0,52.0,627.9912014121356,0.0
581911,25.0,52.0,628.4244806737707,0.0
582511,25.0,52.0,628.8593832197063,0.0
583111,25.0,52.0,626.6158588678546,0.0
583711,25.0,52.0,628.2141901256804,0.0
584335,25.0,52.0,621.3328673367795,0.0
584935,25.0,52.0,627.6196283204926,0.0
585535,25.0,52.0,624.3589398233536,0.0
586135,25.0,52.0,622.94766427327,0.0
586759,25.0,52.0,629.5359735190036,0.0
587359,25.0,52.0,625.7915970026031,0.0
587959,25.0,52.0,623.3727361145559,0.0
588559,25.0,52.0,624.9742240042777,0.0
589183,25.0,52.0,625.648697699761,0.0
589783,25.0,52.0,627.0907504260106,0.0
590383,25.0,52.0,621.8455570211731,0.0
590983,25.0,52.0,622.5070341641423,0.0
591607,25.0,52.0,623.0337250460104,0.0
592207,25.0,52.0,621.2624028019503,0.0
592807,25.0,52.0,624.1908971862111,0.0
593407,25.0,52.0,624.2632720647454,0.0
594031,25.0,52.0,624.8357543573761,0.0
594631,25.0,52.0,622.4382259478584,0.0
595231,25.0,52.0,623.3706160078852,0.0
595831,25.0,52.0,618.5311545540108,0.0
596455,25.0,51.0,623.1774563556177,0.0
597055,25.0,51.0,620.9497717398903,0.0
597655,25.0,51.0,624.7889970589634,0.0
598255,25.0,51.0,617.865379817168,0.0
598879,25.0,51.0,617.2001903310777,0.0
599479,25.0,51.0,623.2769074487477,0.0
600079,25.0,51.0,615.0892287821321,0.0
600679,25.0,51.0,625.7230775764696,0.0
601303,25.0,51.0,617.2940843347462,0.0
601903,25.0,51.0,621.3650699544239,0.0
602503,25.0,51.0,617.766940967937,0.0
603103,25.0,51.0,616.0616960690894,0.0
603727,25.0,51.0,623.6684055089045,0.0
604327,25.0,51.0,618.5796609035408,0.0
604927,25.0,51.0,612.0324590093256,0.0
605527,25.0,51.0,620.4650369437647,0.0
606151,25.0,51.0,619.492010233317,0.0
606751,25.0,51.0,617.3972386636425,0.0
607351,25.0,51.0,614.5164529053664,0.0
607951,25.0,51.0,613.4196396078759,0.0
608575,25.0,51.0,622.8099479521098,0.0
609175,25.0,51.0,618.9719102011131,0.0
609775,25.0,51.0,618.7216127172925,0.0
610375,25.0,51.0,620.0846185412083,0.0
610999,25.0,51.0,619.3581212499203,0.0
611599,25.0,51.0,619.1178215552974,0.0
612199,25.0,51.0,612.8090928260344,0.0
612799,25.0,51.0,619.4637403267031,0.0
613423,25.0,51.0,618.3497889901793,0.0
614023,25.0,51.0,613.25759232005,0.0
614623,25.0,51.0,617.177198826556,0.0
615223,25.0,51.0,609.9433194535844,0.0
615847,25.0,51.0,610.4100107037295,0.0
616447,25.0,51.0,610.1813855352563,0.0
617047,25.0,51.0,614.2780947852963,0.0
617647,25.0,51.0,611.7658638749222,0.0
618271,25.0,51.0,615.1181516078917,0.0
618871,25.0,51.0,611.3227750157588,0.0
619471,25.0,51.0,616.3677325176595,0.0
620071,25.0,51.0,620.127686470353,0.0
620695,25.0,51.0,612.7284157590767,0.0
621295,25.0,51.0,613.7653157279466,0.0
621895,25.0,51.0,616.211536886592,0.0
622495,25.0,51.0,620.6432205893199,0.0
623119,25.0,51.0,613.8568940257534,0.0
623719,25.0,51.0,610.606568753089,0.0
624319,25.0,51.0,613.3448306159833,0.0
624919,25.0,51.0,613.3197597879831,0.0
625543,25.0,51.0,616.644728605576,0.0
626143,25.0,51.0,612.5458061847623,0.0
626743,25.0,51.0,612.3858565914892,0.0
627343,25.0,51.0,608.3656936026313,0.0
627967,25.0,51.0,609.6981045625113,0.0
628567,25.0,51.0,612.3762966059986,0.0
629167,25.0,51.0,614.2630755858289,0.0
629767,25.0,51.0,611.7965963434799,0.0
630391,25.0,51.0,614.3468597446318,0.0
630991,25.0,51.0,610.258251290999,0.0
631591,25.0,51.0,610.3478893975455,0.0
632191,25.0,51.0,603.823038966575,0.0
632815,25.0,51.0,609.2202632776705,0.0
633415,25.0,51.0,609.497462794151,0.0
634015,25.0,51.0,608.7781752559179,0.0
634615,25.0,51.0,606.7865382656282,0.0
635239,25.0,51.0,610.6232461663342,0.0
635839,25.0,51.0,606.3704248657325,0.0
636439,25.0,51.0,612.9139356637903,0.0
637039,25.0,51.0,604.5529915125508,0.0
637663,25.0,51.0,613.8194555342305,0.0
638263,25.0,51.0,602.5428831595258,0.0
638863,25.0,51.0,608.4405431931576,0.0
639463,25.0,51.0,603.2266146053253,0.0
640087,25.0,51.0,606.282521453235,0.0
640687,25.0,51.0,604.0106735437979,0.0
641287,25.0,51.0,608.3043644425352,0.0
641887,25.0,51.0,605.2104462079012,0.0
642511,25.0,51.0,605.7291765623426,0.0
643111,25.0,51.0,604.9230225675774,0.0
643711,25.0,51.0,606.2742623844414,0.0
644311,25.0,51.0,606.4793599925573,0.0
644935,25.0,51.0,604.2731412758195,0.0
645535,25.0,51.0,611.2388176604067,0.0
646135,25.0,51.0,607.1985387379511,0.0
646735,25.0,51.0,609.9532377069349,0.0
647359,25.0,51.0,604.3275498821698,0.0
647959,25.0,51.0,605.2028162644845,0.0
648559,25.0,51.0,604.5115254758647,0.0
649159,25.0,51.0,601.4248887935966,0.0
649783,25.0,51.0,607.5818766608256,0.0
650383,25.0,51.0,602.117505700967,0.0
650983,25.0,51.0,598.8923265551223,0.0
651583,25.0,51.0,603.8729534629754,0.0
652207,25.0,51.0,603.537447096935,0.0
652807,25.0,51.0,605.571631497408,0.0
653407,25.0,51.0,607.6502703931102,0.0
654007,25.0,51.0,606.3723528187342,0.0
654631,25.0,51.0,601.1051058850314,0.0
655231,25.0,51.0,605.9449490224054,0.0
655831,25.0,51.0,605.5132905066694,0.0
656431,25.0,51.0,606.3183306679862,0.0
657055,25.0,51.0,602.0915953788042,0.0
657655,25.0,51.0,603.7255605116569,0.0
658255,25.0,51.0,602.0275601651423,0.0
658855,25.0,51.0,602.6249232948525,0.0
659479,25.0,51.0,602.9738421780612,0.0
660079,25.0,51.0,605.3515878832623,0.0
660679,25.0,51.0,605.9349892587699,0.0
661279,25.0,51.0,600.4961896617673,0.0
661903,25.0,51.0,603.905314405565,0.0
662503,25.0,51.0,599.1079518113609,0.0
663103,25.0,51.0,600.4726448537043,0.0
663703,25.0,51.0,600.4469383170479,0.0
664327,25.0,51.0,598.401960711952,0.0
664927,25.0,51.0,598.6059735345722,0.0
665527,25.0,51.0,597.3915906133379,0.0
666127,25.0,51.0,599.4319534975112,0.0
666751,25.0,51.0,600.8684134507694,0.0
667351,25.0,51.0,597.453952588069,0.0
667951,25.0,51.0,598.7121866108818,0.0
668551,25.0,51.0,596.4735104119628,0.0
669175,25.0,51.0,594.6753220898291,0.0
669775,25.0,51.0,593.2897797479585,0.0
670375,25.0,51.0,598.2262732920813,0.0
670975,25.0,51.0,604.0071661772101,0.0
671599,25.0,51.0,599.195019998084,0.0
672199,25.0,51.0,597.1493239060312,0.0
672799,25.0,51.0,598.90401472511,0.0
673399,25.0,51.0,596.0457930472168,0.0
674023,25.0,51.0,595.8018261914802,0.0
674623,25.0,51.0,595.1130759927773,0.0
675223,25.0,51.0,594.8490790209248,0.0
675823,25.0,51.0,592.4790413103703,0.0
676447,25.0,51.0,597.185997219767,0.0
677047,25.0,51.0,593.0854486925281,0.0
677647,25.0,51.0,593.0981501148901,0.0
678247,25.0,51.0,592.0530007458896,0.0
678871,25.0,51.0,597.5266162404773,0.0
679471,25.0,51.0,593.3369864398627,0.0
680071,25.0,51.0,590.3490705122973,0.0
680671,25.0,51.0,599.2570283286512,0.0
681295,25.0,51.0,589.4269520458575,0.0
681895,25.0,51.0,592.8621006026248,0.0
682495,25.0,51.0,597.4203772772987,0.0
683095,25.0,51.0,586.6592984120629,0.0
683719,25.0,51.0,587.3762937032501,0.0
684319,25.0,51.0,587.9420307685391,0.0
684919,25.0,51.0,588.3284850863877,0.0
685519,25.0,51.0,590.4398065614406,0.0
686143,25.0,51.0,589.5419214356762,0.0
686743,25.0,51.0,587.4879321650099,0.0
687343,25.0,51.0,592.050677250333,0.0
687943,25.0,51.0,593.3523077135602,0.0
688567,25.0,51.0,595.0287654394542,0.0
689167,25.0,51.0,593.4829883647822,0.0
689767,25.0,51.0,591.8263878529561,0.0
690367,25.0,51.0,593.4208068273575,0.0
690991,25.0,51.0,594.7075413698308,0.0
691591,25.0,51.0,597.0653489791914,0.0
692191,25.0,51.0,591.986462567154,0.0
692791,25.0,51.0,591.1017840109763,0.0
693415,25.0,51.0,592.5307454471772,0.0
694015,25.0,51.0,594.8357889232923,0.0
694615,25.0,51.0,593.6244898581693,0.0
695215,25.0,51.0,586.5282466969167,0.0
695839,25.0,51.0,591.9342973040737,0.0
696439,25.0,51.0,594.1254649607495,0.0
697039,25.0,51.0,590.9023547652686,0.0
697639,25.0,51.0,589.111208856037,0.0
698263,25.0,51.0,594.4190471822484,0.0
698863,25.0,51.0,592.0506205420254,0.0
699463,25.0,51.0,590.0052287318855,0.0
700063,25.0,51.0,587.0824487474347,0.0
700687,25.0,51.0,589.0841039197437,0.0
701287,25.0,51.0,587.9798216369524,0.0
701887,25.0,51.0,589.7079192260213,0.0
702487,25.0,51.0,587.8808351814405,0.0
703111,25.0,51.0,589.650374726005,0.0
703711,25.0,51.0,590.6780276677035,0.0
704311,25.0,51.0,590.0954163273359,0.0
704911,25.0,51.0,586.7815352693076,0.0
705535,25.0,51.0,583.3795497567172,0.0
706135,25.0,51.0,585.0853760625578,0.0
706735,25.0,51.0,589.3168165930657,0.0
707335,25.0,51.0,579.265811567482,0.0
707959,25.0,51.0,584.3740494092723,0.0
708559,25.0,51.0,585.2710735029539,0.0
709159,25.0,51.0,588.822052640395,0.0
709759,25.0,51.0,582.3243329713893,0.0
710383,25.0,51.0,582.9649707995413,0.0
710983,25.0,51.0,585.430261691356,0.0
711583,25.0,51.0,587.1969252899152,0.0
712183,25.0,51.0,586.6719883139423,0.0
712807,25.0,51.0,590.2137090342364,0.0
713407,25.0,51.0,589.0759503387895,0.0
714007,25.0,51.0,586.9402085102105,0.0
714607,25.0,51.0,583.6606305795984,0.0
715231,25.0,51.0,587.5155592730123,0.0
715831,25.0,51.0,585.0374266943393,0.0
716431,25.0,51.0,589.3371455949706,0.0
717031,25.0,51.0,588.6950747945879,0.0
717655,25.0,51.0,585.9724083525641,0.0
718255,25.0,51.0,587.2240879597418,0.0
718855,25.0,51.0,582.8054340152489,0.0
719455,25.0,51.0,587.962558082493,0.0
720079,25.0,51.0,586.710866947252,0.0
720679,25.0,51.0,582.0221314455393,0.0
721279,25.0,51.0,579.5786626229464,0.0
721879,25.0,51.0,582.5900472341316,0.0
722503,25.0,51.0,581.7007231508636,0.0
723103,25.0,51.0,590.3373579971977,0.0
723703,25.0,51.0,583.2187716499042,0.0
724303,25.0,51.0,588.1467327653488,0.0
724927,25.0,51.0,581.4295403032222,0.0
725527,25.0,51.0,583.306573216838,0.0
726127,25.0,51.0,582.9128020487781,0.0
726727,25.0,51.0,579.9418590003146,0.0
727351,25.0,51.0,577.086567521188,0.0
727951,25.0,51.0,583.2091645508747,0.0
728551,25.0,51.0,582.7251213236806,0.0
729151,25.0,51.0,580.7244047129764,0.0
729775,25.0,51.0,580.5391888873136,0.0
730375,25.0,51.0,584.4225737141932,0.0
730975,25.0,51.0,579.197204811426,0.0
731575,25.0,51.0,578.4931283176096,0.0
732199,25.0,51.0,580.3896659541449,0.0
732799,25.0,51.0,578.7202553777765,0.0
733399,25.0,51.0,580.5905219639837,0.0
733999,25.0,51.0,578.2836427138942,0.0
734623,25.0,51.0,578.2932453947116,0.0
735223,25.0,51.0,575.3106725686072,0.0
735823,25.0,51.0,579.5360716150186,0.0
736423,25.0,51.0,579.4925775916057,0.0
737047,25.0,51.0,581.1923423669359,0.0
737647,25.0,51.0,581.5595927218844,0.0
738247,25.0,51.0,580.2104064853726,0.0
738847,25.0,51.0,578.6097082843804,0.0
739471,25.0,51.0,577.4200424731896,0.0
740071,25.0,51.0,577.0569790215163,0.0
740671,25.0,51.0,575.8427821858481,0.0
741271,25.0,51.0,578.9223079760573,0.0
741895,25.0,51.0,576.4006054315811,0.0
742495,25.0,51.0,577.1915294082332,0.0
743095,25.0,51.0,578.355538208095,0.0
743695,25.0,51.0,577.7298330462436,0.0
744319,25.0,51.0,576.4274452273987,0.0
744919,25.0,51.0,580.5135858361626,0.0
745519,25.0,51.0,576.9030423101897,0.0
746119,25.0,51.0,573.7663109127245,0.0
746743,25.0,51.0,577.068265432018,0.0
747343,25.0,51.0,578.0081777921359,0.0
747943,25.0,51.0,577.2285567988342,0.0
748543,25.0,51.0,576.3330296556435,0.0
749167,25.0,51.0,576.3307977993717,0.0
749767,25.0,51.0,574.3651644544902,0.0
750367,25.0,51.0,575.9096817790183,0.0
750967,25.0,51.0,576.3556021069904,0.0
751591,25.0,51.0,577.4731649798355,0.0
752191,25.0,51.0,575.9408783464615,0.0
752791,25.0,51.0,577.195046105764,0.0
753391,25.0,51.0,572.8683395839931,0.0
754015,25.0,51.0,576.3883848977243,0.0
754615,25.0,51.0,577.7316199750868,0.0
755215,25.0,51.0,572.9685961782096,0.0
755815,25.0,51.0,574.284486737133,0.0
756439,25.0,51.0,569.1623178233707,0.0
757039,25.0,51.0,573.1625144260762,0.0
757639,25.0,51.0,571.4088530190761,0.0
758239,25.0,51.0,570.7300775341096,0.0
758863,25.0,51.0,573.6622419676547,0.0
759463,25.0,51.0,568.5440076225723,0.0
760063,25.0,51.0,568.1877530045788,0.0
760663,25.0,51.0,570.8907454983395,0.0
761287,25.0,51.0,572.0281924499837,0.0
761887,25.0,51.0,572.4451380228408,0.0
762487,25.0,51.0,574.2906757006361,0.0
763087,25.0,51.0,572.0182718172855,0.0
763711,25.0,51.0,572.6678240207044,0.0
764311,25.0,51.0,571.3468908539809,0.0
764911,25.0,51.0,568.7585997453658,0.0
765511,25.0,51.0,568.8766402038768,0.0
766135,25.0,51.0,568.4213474879205,0.0
766735,25.0,51.0,571.0711568603714,0.0
767335,25.0,51.0,569.6999010504278,0.0
767935,25.0,51.0,574.0685371081811,0.0
768559,25.0,51.0,573.7390716325524,0.0
769159,25.0,51.0,567.8677772951409,0.0
769759,25.0,51.0,568.4559088290526,0.0
770359,25.0,51.0,571.2579754617632,0.0
770983,25.0,51.0,571.4703616066794,0.0
771583,25.0,51.0,569.6130406156572,0.0
772183,25.0,51.0,570.1103528653274,0.0
772783,25.0,51.0,566.8998872908234,0.0
773407,25.0,51.0,567.8916366308802,0.0
774007,25.0,51.0,572.1782720447663,0.0
774607,25.0,51.0,571.4538115131174,0.0
775207,25.0,51.0,566.5819336674874,0.0
775831,25.0,51.0,569.8024335193376,0.0
776431,25.0,51.0,565.6990800309223,0.0
777031,25.0,51.0,566.6918992706053,0.0
777631,25.0,51.0,565.6959076075211,0.0
778255,25.0,51.0,569.9766306306566,0.0
778855,25.0,51.0,566.1419970094308,0.0
779455,25.0,51.0,565.1178517844949,0.0
780055,25.0,51.0,564.3567455558909,0.0
780679,25.0,51.0,561.476047796829,0.0
781279,25.0,51.0,561.0949505228739,0.0
781879,25.0,51.0,562.8830513262014,0.0
782479,25.0,51.0,565.3403992196063,0.0
783103,25.0,51.0,560.4641280932228,0.0
783703,25.0,51.0,564.0280035401394,0.0
784303,25.0,51.0,563.2150191612758,0.0
784903,25.0,51.0,563.0579586811604,0.0
785527,25.0,51.0,562.9501155902389,0.0
786127,25.0,51.0,561.6567429381633,0.0
786727,25.0,51.0,561.7380070347317,0.0
787327,25.0,51.0,561.4634447182742,0.0
787951,25.0,51.0,562.9504272778659,0.0
788551,25.0,51.0,564.9729091839037,0.0
789151,25.0,51.0,562.7993965988184,0.0
789751,25.0,51.0,563.6653535263076,0.0
790375,25.0,51.0,564.7729864995654,0.0
790975,25.0,51.0,560.549009627379,0.0
791575,25.0,51.0,562.6748471412723,0.0
792175,25.0,51.0,561.5313434676316,0.0
792799,25.0,51.0,562.4062067016667,0.0
793399,25.0,51.0,560.724371183235,0.0
793999,25.0,51.0,561.7326865917246,0.0
794599,25.0,51.0,559.3389917092843,0.0
795223,25.0,51.0,561.5037679615162,0.0
795823,25.0,51.0,558.8410231496129,0.0
796423,25.0,51.0,558.5111514600035,0.0
797023,25.0,51.0,559.8371408835379,0.0
797647,25.0,51.0,559.9806987663686,0.0
798247,25.0,51.0,560.9004842941486,0.0
798847,25.0,51.0,561.6149349721505,0.0
799447,25.0,51.0,556.7748569111621,0.0
800071,25.0,51.0,559.0047308627811,0.0
800671,25.0,51.0,560.2562773865648,0.0
801271,25.0,51.0,559.1096735050222,0.0
801871,25.0,51.0,557.6062182282051,0.0
802495,25.0,51.0,557.4775095626477,0.0
803095,25.0,51.0,557.7461045126134,0.0
803695,25.0,51.0,554.8265365307168,0.0
804295,25.0,51.0,557.9234755395734,0.0
804919,25.0,51.0,556.767322508381,0.0
805519,25.0,51.0,557.5769997391906,0.0
806119,25.0,51.0,559.5010830564773,0.0
806719,25.0,51.0,554.9263284779475,0.0
807343,25.0,51.0,560.1837051867013,0.0
807943,25.0,51.0,559.069345836385,0.0
808543,25.0,51.0,557.3679258038261,0.0
809143,25.0,51.0,557.780221730742,0.0
809767,25.0,51.0,559.209891390012,0.0
810367,25.0,51.0,560.9211753542382,0.0
810967,25.0,51.0,560.3342205802121,0.0
811567,25.0,51.0,555.9853828226674,0.0
812191,25.0,51.0,555.663978637477,0.0
812791,25.0,51.0,556.0319079720177,0.0
813391,25.0,51.0,553.7918852817161,0.0
813991,25.0,51.0,558.3220455703519,0.0
814615,25.0,51.0,557.3315691696661,0.0
815215,25.0,51.0,555.596422205982,0.0
815815,25.0,51.0,557.4976295012798,0.0
816415,25.0,51.0,558.8177921156213,0.0
817039,25.0,51.0,556.2456014406467,0.0
817639,25.0,51.0,555.1523315684025,0.0
818239,25.0,51.0,560.0578006021876,0.0
818839,25.0,51.0,561.1604150215105,0.0
819463,25.0,51.0,560.7781675406067,0.0
820063,25.0,51.0,561.8439062216919,0.0
820663,25.0,51.0,557.3178647860965,0.0
821263,25.0,51.0,559.4359098530695,0.0
821887,25.0,51.0,558.6679849080342,0.0
822487,25.0,51.0,558.8364792678183,0.0
823087,25.0,51.0,563.0515575654327,0.0
823687,25.0,51.0,561.1381705718162,0.0
824311,25.0,51.0,561.5496853643214,0.0
824911,25.0,51.0,558.4220472630452,0.0
825511,25.0,51.0,561.874442035998,0.0
826111,25.0,51.0,559.6409216331718,0.0
826735,25.0,51.0,558.7496904593452,0.0
827335,25.0,51.0,558.4308057064874,0.0
827935,25.0,51.0,563.3780904938936,0.0
828535,25.0,51.0,558.4895496154745,0.0
829159,25.0,51.0,559.3533832150302,0.0
829759,25.0,51.0,557.5334898901369,0.0
830359,25.0,51.0,559.8289317379232,0.0
830959,25.0,51.0,560.3060051139931,0.0
831583,25.0,51.0,561.2216716484181,0.0
832183,25.0,51.0,560.2883513206091,0.0
832783,25.0,51.0,557.6124516015831,0.0
833383,25.0,51.0,562.7219891055531,0.0
834007,25.0,51.0,561.7670746002809,0.0
834607,25.0,51.0,562.6259220047931,0.0
835207,25.0,51.0,558.9424332089629,0.0
835807,25.0,51.0,561.6202509726475,0.0
836431,25.0,51.0,557.9668192401707,0.0
837031,25.0,51.0,559.5341642703023,0.0
837631,25.0,51.0,560.544305826426,0.0
838231,25.0,51.0,559.2829779859059,0.0
838855,25.0,51.0,563.6397889290557,0.0
839455,25.0,51.0,560.3716621397434,0.0
840055,25.0,51.0,560.2135090413144,0.0
840655,25.0,51.0,562.740733961913,0.0
841279,25.0,51.0,562.6114937038907,0.0
841879,25.0,51.0,561.1569018184447,0.0
842479,25.0,51.0,562.139374061079,0.0
843079,25.0,51.0,560.9038019620815,0.0
843703,25.0,51.0,561.4951083186246,0.0
844303,25.0,51.0,561.7506536080467,0.0
844903,25.0,51.0,558.7964669520602,0.0
845503,25.0,51.0,560.3829130536808,0.0
846127,25.0,51.0,559.8496312660117,0.0
846727,25.0,51.0,557.3260639623563,0.0
847327,25.0,51.0,559.4905025613607,0.0
847927,25.0,51.0,559.723262253065,0.0
848551,25.0,51.0,559.0327397228608,0.0
849151,25.0,51.0,561.7913205531328,0.0
849751,25.0,51.0,561.1240355150084,0.0
850351,25.0,51.0,562.0861800826608,0.0
850975,25.0,51.0,560.9123767960007,0.0
851575,25.0,51.0,560.3718112828232,0.0
852175,25.0,51.0,563.5575291636103,0.0
852775,25.0,51.0,558.5692942678686,0.0
853399,25.0,51.0,558.2067985264241,0.0
853999,25.0,51.0,560.6425822938704,0.0
854599,25.0,51.0,560.1541021287579,0.0
855199,25.0,51.0,561.7815539101049,0.0
855823,25.0,51.0,555.5352256181814,0.0
856423,25.0,51.0,557.9419909197949,0.0
857023,25.0,51.0,555.1691076592534,0.0
857623,25.0,51.0,555.8551598985774,0.0
858247,25.0,51.0,558.2202410013539,0.0
858847,25.0,51.0,552.1813272428944,0.0
859447,25.0,51.0,556.6234093182671,0.0
860047,25.0,51.0,555.703170278467,0.0
860671,25.0,51.0,558.5781548042085,0.0
861271,25.0,51.0,559.0632942919336,0.0
861871,25.0,51.0,555.8216039482758,0.0
862471,25.0,51.0,558.4389637953769,0.0
863095,25.0,51.0,560.587144858754,0.0
863695,25.0,51.0,564.1718097895588,0.0
864295,25.0,51.0,561.8937808756152,0.0
864895,25.0,51.0,558.0968581596528,0.0
865519,25.0,51.0,560.013224916928,0.0
866119,25.0,51.0,560.8584890702326,0.0
866719,25.0,51.0,563.0735257273212,0.0
867319,25.0,51.0,559.6580362287779,0.0
867943,25.0,51.0,557.9697370044664,0.0
868543,25.0,51.0,562.4260501223772,0.0
869143,25.0,51.0,563.1680672192425,0.0
869743,25.0,51.0,561.8481063909676,0.0
870367,25.0,51.0,563.987447511902,0.0
870967,25.0,51.0,560.290504531695,0.0
871567,25.0,51.0,559.0876071853903,0.0
872167,25.0,51.0,562.9703565995833,0.0
872791,25.0,51.0,561.8490118892468,0.0
873391,25.0,51.0,557.1701030559608,0.0
873991,25.0,51.0,558.6316433982095,0.0
874591,25.0,51.0,560.5021820100407,0.0
875215,25.0,51.0,558.7764069083519,0.0
875815,25.0,51.0,555.1423034373995,0.0
876415,25.0,51.0,558.2634737451986,0.0
877015,25.0,51.0,559.4483324447026,0.0
877639,25.0,51.0,554.8256715308482,0.0
878239,25.0,51.0,557.5733536148324,0.0
878839,25.0,51.0,552.3485364111766,0.0
879439,25.0,51.0,550.7369504673236,0.0
880063,25.0,51.0,553.4149251241943,0.0
880663,25.0,51.0,552.0794187052835,0.0
881263,25.0,51.0,551.4510398728464,0.0
881863,25.0,51.0,554.8379501633001,0.0
882487,25.0,51.0,558.6850336343182,0.0
883087,25.0,51.0,555.9229388842413,0.0
883687,25.0,51.0,550.6573711209633,0.0
884287,25.0,51.0,555.2026371147228,0.0
884911,25.0,51.0,550.9931116592021,0.0
885511,25.0,51.0,554.5928752542384,0.0
886111,25.0,51.0,554.5904581286761,0.0
886711,25.0,51.0,552.0156812604249,0.0
887335,25.0,51.0,551.1536924802302,0.0
887935,25.0,51.0,554.3197805750764,0.0
888535,25.0,51.0,553.0460353416997,0.0
889135,25.0,51.0,553.1559932466283,0.0
889759,25.0,51.0,555.3241457846455,0.0
890359,25.0,51.0,555.4180369572053,0.0
890959,25.0,51.0,554.8062905122674,0.0
891559,25.0,51.0,550.7708490060725,0.0
892183,25.0,51.0,553.4290335183823,0.0
892783,25.0,51.0,551.4992509995868,0.0
893383,25.0,51.0,552.9270660255005,0.0
893983,25.0,51.0,553.8749132713173,0.0
894607,25.0,51.0,554.7708200289846,0.0
895207,25.0,51.0,554.3155639660923,0.0
895807,25.0,51.0,551.625697476107,0.0
896407,25.0,51.0,559.0066269907894,0.0
897031,25.0,51.0,554.1530007680826,0.0
897631,25.0,51.0,552.8057649393123,0.0
898231,25.0,51.0,550.3367457277316,0.0
898831,25.0,51.0,548.948357308987,0.0
899455,25.0,51.0,554.9903837622261,0.0
900055,25.0,51.0,553.3096944379172,0.0
900655,25.0,51.0,555.3797312866416,0.0
901255,25.0,51.0,551.8809291409978,0.0
901879,25.0,51.0,552.9778780233199,0.0
902479,25.0,51.0,553.1635839057977,0.0
903079,25.0,51.0,555.9017907540883,0.0
903679,25.0,51.0,553.4590632257291,0.0
904303,24.9,51.0,553.1478035756703,0.0
904903,24.9,51.0,549.6476212108728,0.0
905503,24.9,51.0,547.7414675298012,0.0
906103,24.9,51.0,548.6749984030681,0.0
906727,24.9,51.0,550.8780221669944,0.0
907327,24.9,51.0,549.5624285733269,0.0
907927,24.9,51.0,546.8836986367589,0.0
908527,24.9,51.0,549.4573108256847,0.0
909151,24.9,51.0,552.8614178958601,0.0
909751,24.9,51.0,551.9439911572618,0.0
910351,24.9,51.0,550.2047183966912,0.0
910951,24.9,51.0,548.5734462950694,0.0
911575,24.9,51.0,548.1538239370742,0.0
912175,24.9,51.0,548.6670209420244,0.0
912775,24.9,51.0,547.0982302975701,0.0
913375,24.9,51.0,548.7512816529136,0.0
913999,25.0,51.0,544.9989220142212,0.0
914599,25.0,51.0,546.7745460581801,0.0
915199,25.0,51.0,547.8373826959636,0.0
915799,25.0,51.0,547.8309595677481,0.0
916423,24.9,51.0,549.943127225453,0.0
917023,24.9,51.0,550.3016619579679,0.0
917623,24.9,51.0,553.0959897372588,0.0
918223,24.9,51.0,550.3259999824635,0.0
918847,24.9,51.0,547.6706825280751,0.0
919447,24.9,51.0,547.9351547598185,0.0
920047,24.9,51.0,546.4453081441333,0.0
920647,24.9,51.0,544.1587114132434,0.0
921271,25.0,51.0,548.9279179811214,0.0
921871,25.0,51.0,547.6518030913577,0.0
922471,25.0,51.0,549.6576299383039,0.0
923071,25.0,51.0,547.9989795786203,0.0
923695,24.9,51.0,549.1724419261891,0.0
924295,24.9,51.0,549.1390714408035,0.0
924895,24.9,51.0,545.1673242770822,0.0
925495,24.9,51.0,547.5613767041573,0.0
926119,25.0,51.0,546.0671095225756,0.0
926719,25.0,51.0,547.6983508258162,0.0
927319,25.0,51.0,545.6290627596592,0.0
927919,25.0,51.0,545.9950252195256,0.0
928543,25.0,51.0,545.4101601800082,0.0
929143,25.0,51.0,546.1355059908578,0.0
929743,25.0,51.0,541.7728965062897,0.0
930343,25.0,51.0,543.9774464367405,0.0
930967,25.0,51.0,540.8731230832667,0.0
931567,25.0,51.0,545.7592006478908,0.0
932167,25.0,51.0,542.8567195915177,0.0
932767,25.0,51.0,550.189629997839,0.0
933391,25.0,51.0,543.7341049801562,0.0
933991,25.0,51.0,544.5371041806632,0.0
934591,25.0,51.0,547.2069842880986,0.0
935191,25.0,51.0,541.0628989153279,0.0
935815,25.0,51.0,543.520186456563,0.0
936415,25.0,51.0,544.3586457085761,0.0
937015,25.0,51.0,548.2125286698625,0.0
937615,25.0,51.0,547.8827885339518,0.0
938239,25.0,51.0,543.2088611149356,0.0
938839,25.0,51.0,544.9218282655676,0.0
939439,25.0,51.0,544.4284095279497,0.0
940039,25.0,51.0,546.301775896805,0.0
940663,25.0,51.0,546.510460342065,0.0
941263,25.0,51.0,544.5982808252536,0.0
941863,25.0,51.0,546.4038114834203,0.0
942463,25.0,51.0,545.3604466295337,0.0
943087,25.0,51.0,544.7620136988188,0.0
943687,25.0,51.0,547.3218805447627,0.0
944287,25.0,51.0,546.4205468351878,0.0
944887,25.0,51.0,545.85897913287,0.0
945511,25.0,51.0,544.2498805830093,0.0
946111,25.0,51.0,546.4236733349596,0.0
946711,25.0,51.0,543.8570742087379,0.0
947311,25.0,51.0,544.0187170689454,0.0
947935,25.0,51.0,544.1815587337609,0.0
948535,25.0,51.0,547.6791444145356,0.0
949135,25.0,51.0,544.6731220639008,0.0
949735,25.0,51.0,544.4399088557968,0.0
950359,25.0,51.0,544.8119501295599,0.0
950959,25.0,51.0,545.5220390911669,0.0
951559,25.0,51.0,546.1904003608968,0.0
952159,25.0,51.0,547.8335384800951,0.0
952783,25.0,51.0,550.128062491757,0.0
953383,25.0,51.0,550.4197742484723,0.0
953983,25.0,51.0,548.5294779082452,0.0
954583,25.0,51.0,547.0343510957878,0.0
955207,25.0,51.0,550.8019181480147,0.0
955807,25.0,51.0,545.9182525496701,0.0
956407,25.0,51.0,544.7831562895166,0.0
957007,25.0,51.0,545.2552102214057,0.0
957631,25.0,51.0,546.1463210012379,0.0
958231,25.0,51.0,546.4263923368616,0.0
958831,25.0,51.0,547.1597318591208,0.0
959431,25.0,51.0,547.7923469483416,0.0
960055,25.0,51.0,544.8840092484442,0.0
960655,25.0,51.0,546.1034306264067,0.0
961255,25.0,51.0,548.4736981657305,0.0
961855,25.0,51.0,548.3785230311466,0.0
962479,25.0,51.0,544.4931519521876,0.0
963079,25.0,51.0,547.1633130957431,0.0
963679,25.0,51.0,547.016793446466,0.0
964279,25.0,51.0,545.5129057962447,0.0
964903,25.0,51.0,544.2011924590148,0.0
965503,25.0,51.0,545.6441632305182,0.0
966103,25.0,51.0,545.9222549395198,0.0
966703,25.0,51.0,546.544950859218,0.0
967327,25.0,51.0,544.5076279659012,0.0
967927,25.0,51.0,546.1773570858661,0.0
968527,25.0,51.0,542.6531354652451,0.0
969127,25.0,51.0,541.8698510972458,0.0
969751,25.0,51.0,547.0671581209365,0.0
970351,25.0,51.0,546.6541940908235,0.0
970951,25.0,51.0,539.6823267684521,0.0
971551,25.0,51.0,549.8810089694447,0.0
972175,25.0,51.0,542.9266887161937,0.0
972775,25.0,51.0,546.622253512208,0.0
973375,25.0,51.0,546.5555778474699,0.0
973975,25.0,51.0,547.6942611991578,0.0
974599,25.0,51.0,545.4020383232406,0.0
975199,25.0,51.0,546.8246703767966,0.0
975799,25.0,51.0,545.1161635346148,0.0
976399,25.0,51.0,546.8273799659777,0.0
977023,25.0,51.0,543.832813839409,0.0
977623,25.0,51.0,544.560045854063,0.0
978223,25.0,51.0,544.4613205935423,0.0
978823,25.0,51.0,543.4923702439893,0.0
979447,25.0,51.0,548.1655899960064,0.0
980047,25.0,51.0,547.0190510353533,0.0
980647,25.0,51.0,545.5169377227493,0.0
981247,25.0,51.0,547.9982100332616,0.0
981871,25.0,51.0,544.2547422490823,0.0
982471,25.0,51.0,549.5150325983552,0.0
983071,25.0,51.0,545.3632401205455,0.0
983671,25.0,51.0,546.1011089606234,0.0
984295,25.0,51.0,544.711833910925,0.0
984895,25.0,51.0,547.5432217739188,0.0
985495,25.0,51.0,540.04694993848,0.0
986095,25.0,51.0,544.7745382185878,0.0
986719,25.0,51.0,540.854945604894,0.0
987319,25.0,51.0,544.8388200390402,0.0
987919,25.0,51.0,543.3321350431694,0.0
988519,25.0,51.0,544.9961918589876,0.0
989143,25.0,51.0,545.8293332266322,0.0
989743,25.0,51.0,545.0978049662161,0.0
990343,25.0,51.0,545.7188954892694,0.0
990943,25.0,51.0,545.8043673746772,0.0
991567,25.0,51.0,544.2850220654238,0.0
992167,25.0,51.0,544.135252842418,0.0
992767,25.0,51.0,546.698911765727,0.0
993367,25.0,51.0,543.0802458758399,0.0
993991,25.0,51.0,543.3410264354277,0.0
994591,25.0,51.0,538.7011692162366,0.0
995191,25.0,51.0,540.9106932692633,0.0
995791,25.0,51.0,541.7904874593569,0.0
996415,25.0,51.0,539.8767409414668,0.0
997015,25.0,51.0,538.7674797203777,0.0
997615,25.0,51.0,538.9699874472911,0.0
998215,25.0,51.0,540.5265360736763,0.0
998839,25.0,51.0,539.8042560122452,0.0
999439,25.0,51.0,542.1885095675875,0.0
1000039,25.0,51.0,535.4439540787635,0.0
1000639,25.0,51.0,541.1257932937744,0.0
1001263,25.0,51.0,539.6285719001527,0.0
1001863,25.0,51.0,538.1580391470106,0.0
1002463,25.0,51.0,541.8334426920873,0.0
1003063,25.0,51.0,537.3278948786547,0.0
1003687,25.0,51.0,536.3554351272763,0.0
1004287,25.0,51.0,541.60742731855,0.0
1004887,25.0,51.0,542.649221865846,0.0
1005487,25.0,51.0,537.8682050966811,0.0
1006111,25.0,51.0,539.6343851786172,0.0
1006711,25.0,51.0,540.4331686910057,0.0
1007311,25.0,51.0,536.9687980127542,0.0
1007911,25.0,51.0,540.8823109171893,0.0
1008535,25.0,51.0,540.8008174448192,0.0
1009135,25.0,51.0,539.3736517519845,0.0
1009735,25.0,51.0,542.897370670169,0.0
1010335,25.0,51.0,536.734349145966,0.0
1010959,25.0,51.0,536.4849089404321,0.0
1011559,25.0,51.0,540.5774299533853,0.0
1012159,25.0,51.0,539.7751703001543,0.0
1012759,25.0,51.0,537.976296201323,0.0
1013383,25.0,51.0,534.5163417050186,0.0
1013983,25.0,51.0,540.551446829535,0.0
1014583,25.0,51.0,539.3814807062483,0.0
1015183,25.0,51.0,539.1403166367119,0.0
1015807,25.0,51.0,541.9920980230212,0.0
1016407,25.0,51.0,540.9872589869835,0.0
1017007,25.0,51.0,538.369364424913,0.0
1017607,25.0,51.0,533.92062606999,0.0
1018231,25.0,51.0,534.8658971083971,0.0
1018831,25.0,51.0,536.5425030100911,0.0
1019431,25.0,51.0,540.4697122180453,0.0
1020031,25.0,51.0,538.3706009489158,0.0
1020655,25.0,51.0,534.401909277687,0.0
1021255,25.0,51.0,541.0068155701362,0.0
1021855,25.0,51.0,537.1749859457015,0.0
1022455,25.0,51.0,541.5859982821734,0.0
1023079,24.9,51.0,541.9613343195542,0.0
1023679,24.9,51.0,536.93805953593,0.0
1024279,24.9,51.0,540.5402186331341,0.0
1024879,24.9,51.0,536.8965595506636,0.0
1025503,24.9,51.0,539.3800243065657,0.0
1026103,24.9,51.0,536.0255508190868,0.0
1026703,24.9,51.0,538.9208348051405,0.0
1027303,24.9,51.0,535.1587083620601,0.0
1027927,24.9,51.0,535.4285099833079,0.0
1028527,24.9,51.0,540.6855250671478,0.0
1029127,24.9,51.0,532.0088296411432,0.0
1029727,24.9,51.0,538.8079449100329,0.0
1030351,24.9,51.0,538.750973598673,0.0
1030951,24.9,51.0,541.6411606571711,0.0
1031551,24.9,51.0,537.2858279006529,0.0
1032151,24.9,51.0,539.643920359977,0.0
1032775,24.9,51.0,541.0117497911984,0.0
1033375,24.9,51.0,540.9696076775141,0.0
1033975,24.9,51.0,534.8445732459774,0.0
1034575,24.9,51.0,537.902470827931,0.0
1035199,24.9,51.0,541.4485162991722,0.0
1035799,24.9,51.0,537.9204703302875,0.0
1036399,24.9,51.0,543.4999200295101,0.0
1150330,25.1,51.0,579.0,1.0
1150930,25.1,51.0,575.0,1.0
1151554,25.0,51.0,573.0,1.0
1152154,25.0,51.0,570.0,1.0
1152754,25.0,51.0,565.0,1.0
1153354,25.0,51.0,558.0,1.0
1153978,25.0,51.0,555.0,1.0
1154578,25.0,51.0,552.0,1.0
1155178,25.0,51.0,545.0,1.0
1155778,25.0,51.0,544.0,1.0
1156403,25.1,51.0,541.0,1.0
1157003,25.1,51.0,541.0,1.0
1157603,25.1,51.0,541.0,1.0
1158203,25.1,51.0,538.0,1.0
1158828,25.1,51.0,538.0,1.0
1159428,25.1,51.0,535.0,1.0
1160028,25.1,51.0,534.0,1.0
1160628,25.1,51.0,533.0,1.0
1161253,25.1,51.0,647.0,1.0
1161853,25.1,51.0,939.0,1.0
1162453,25.1,51.0,1290.0,1.0
1163053,25.1,51.0,1962.0,1.0
1163678,25.1,51.0,2428.0,1.0
1164278,25.1,51.0,2751.0,1.0
1164878,25.1,51.0,2992.0,1.0
1165478,25.1,51.0,3229.0,1.0
1166103,25.1,51.0,3510.0,1.0
1166703,25.1,51.0,3854.0,1.0
1167303,25.1,51.0,4095.0,1.0
1167903,25.1,51.0,4095.0,1.0
1168528,25.1,51.0,4095.0,1.0
1169128,25.1,51.0,4095.0,1.0
1169728,25.1,51.0,4095.0,1.0
1170328,25.1,51.0,4095.0,1.0
1170953,25.1,51.0,4095.0,1.0
1171553,25.1,51.0,4095.0,1.0
1172153,25.1,51.0,4095.0,1.0
1172753,25.1,51.0,4095.0,1.0
1173378,25.1,51.0,4095.0,1.0
1173978,25.1,51.0,4095.0,1.0
1174578,25.1,51.0,4095.0,1.0
1175178,25.1,51.0,4095.0,1.0
1175803,25.1,51.0,4095.0,1.0
1176403,25.1,51.0,4095.0,1.0
1177003,25.1,51.0,4095.0,1.0
1177603,25.1,51.0,4095.0,1.0
1178228,25.1,51.0,4095.0,1.0
1178828,25.1,51.0,4095.0,1.0
1179428,25.1,51.0,4095.0,1.0
1180028,25.1,51.0,4095.0,1.0
1180653,25.1,51.0,4095.0,1.0
1181253,25.1,51.0,4095.0,1.0
1181853,25.1,51.0,4095.0,1.0
1182453,25.1,51.0,4095.0,1.0
1183078,25.1,51.0,4095.0,1.0
1183678,25.1,51.0,4095.0,1.0
1184278,25.1,51.0,4095.0,1.0
1184878,25.1,51.0,4095.0,1.0
1185503,25.1,51.0,4095.0,1.0
1186103,25.1,51.0,4095.0,1.0
1186703,25.1,51.0,4095.0,1.0
1187303,25.1,51.0,4095.0,1.0
1187928,25.1,51.0,4095.0,1.0
1188528,25.1,51.0,4095.0,1.0
1189128,25.1,51.0,4095.0,1.0
1189728,25.1,51.0,4090.0,1.0
1190353,25.1,51.0,3943.0,1.0
1190953,25.1,51.0,3821.0,1.0
1191553,25.1,51.0,3882.0,1.0
1192153,25.1,51.0,4008.0,1.0
1192778,25.1,51.0,4095.0,1.0
1193378,25.1,51.0,4095.0,1.0
1193978,25.1,51.0,4095.0,1.0
1194578,25.1,51.0,4095.0,1.0
1195203,25.1,51.0,4095.0,1.0
1195803,25.1,51.0,4095.0,1.0
1196403,25.1,51.0,4095.0,1.0
1197003,25.1,51.0,4095.0,1.0
1197628,25.1,51.0,4095.0,1.0
1198228,25.1,51.0,4095.0,1.0
1198828,25.1,51.0,4095.0,1.0
1199428,25.1,51.0,4095.0,1.0
1200053,25.1,51.0,4095.0,1.0
1200653,25.1,51.0,4095.0,1.0
1201253,25.1,51.0,4095.0,1.0
1201853,25.1,51.0,4095.0,1.0
1202478,25.1,51.0,4095.0,1.0
1203078,25.1,51.0,4095.0,1.0
1203678,25.1,51.0,4095.0,1.0
1204278,25.1,51.0,4095.0,1.0
1204903,25.1,51.0,4095.0,1.0
1205503,25.1,51.0,4095.0,1.0
1206103,25.1,51.0,4095.0,1.0
1206703,25.1,51.0,4095.0,1.0
1207328,25.1,51.0,4095.0,1.0
1207928,25.1,51.0,4095.0,1.0
1208528,25.1,51.0,4095.0,1.0
1209128,25.1,51.0,4095.0,1.0
1209753,25.1,51.0,4095.0,1.0
1210353,25.1,51.0,4095.0,1.0
1210953,25.1,51.0,4095.0,1.0
1211553,25.1,51.0,4095.0,1.0
1212178,25.1,51.0,4095.0,1.0
1212778,25.1,51.0,4095.0,1.0
1213378,25.1,51.0,4095.0,1.0
1213978,25.1,51.0,4095.0,1.0
1214603,25.1,51.0,4095.0,1.0
1215203,25.1,51.0,4095.0,1.0
1215803,25.1,51.0,4095.0,1.0
1216403,25.1,51.0,4095.0,1.0
1217028,25.1,51.0,4095.0,1.0
1217628,25.1,51.0,4095.0,1.0
1218228,25.1,51.0,4095.0,1.0
1218828,25.1,51.0,4095.0,1.0
1219453,25.1,51.0,4095.0,1.0
1220053,25.1,51.0,4095.0,1.0
1220653,25.1,51.0,4094.0,1.0
1221253,25.1,51.0,4094.0,1.0
1221878,25.1,51.0,4093.0,1.0
1222478,25.1,51.0,4092.0,1.0
1223078,25.1,51.0,4091.0,1.0
1223678,25.1,51.0,4086.0,1.0
1224303,25.1,51.0,4080.0,1.0
1224903,25.1,51.0,4071.0,1.0
1225503,25.1,51.0,4066.0,1.0
1226103,25.1,51.0,4059.0,1.0
1226728,25.1,51.0,4051.0,1.0
1227328,25.1,51.0,4054.0,1.0
1227928,25.1,51.0,4058.0,1.0
1228528,25.1,51.0,4057.0,1.0
1229153,25.1,51.0,4060.0,1.0
1229753,25.1,51.0,4058.0,1.0
1230353,25.1,51.0,4047.0,1.0
1230953,25.1,51.0,4039.0,1.0
1231578,25.1,51.0,4030.0,1.0
1232178,25.1,51.0,4022.0,1.0
1232778,25.1,51.0,4012.0,1.0
1233378,25.1,51.0,4004.0,1.0
1234003,25.1,51.0,4001.0,1.0
1234603,25.1,51.0,3991.0,1.0
1235203,25.1,51.0,3981.0,1.0
1235803,25.1,51.0,3975.0,1.0
1236428,25.1,51.0,3957.0,1.0
1237028,25.1,51.0,3951.0,1.0
1237628,25.1,51.0,3941.0,1.0
1238228,25.1,51.0,3934.0,1.0
1238853,25.1,51.0,3929.0,1.0
1239453,25.1,51.0,3929.0,1.0
1240053,25.1,51.0,3925.0,1.0
1240653,25.1,51.0,3927.0,1.0
1241278,25.1,51.0,3915.0,1.0
1241878,25.1,51.0,3921.0,1.0
1242478,25.1,51.0,3914.0,1.0
1243078,25.1,51.0,3903.0,1.0
1243703,25.1,51.0,3899.0,1.0
1244303,25.1,51.0,3893.0,1.0
1244903,25.1,51.0,3892.0,1.0
1245503,25.1,51.0,3887.0,1.0
1246109,25.1,51.0,3882.0,1.0
1246715,25.1,51.0,3870.0,1.0
1247321,25.1,51.0,3869.0,1.0
1247927,25.1,51.0,3865.0,1.0
1248533,25.1,51.0,3861.0,1.0
1249140,25.1,51.0,3863.0,1.0
1249746,25.1,51.0,3851.0,1.0
1250352,25.1,51.0,3837.0,1.0
1250958,25.1,51.0,3831.0,1.0
1251564,25.1,51.0,3830.0,1.0
1252171,25.1,51.0,3820.0,1.0
1252777,25.1,51.0,3829.0,1.0
1253383,25.1,51.0,3837.0,1.0
1253989,25.1,51.0,3831.0,1.0
1254595,25.1,51.0,3833.0,1.0
1255202,25.1,51.0,3835.0,1.0
1255808,25.1,51.0,3827.0,1.0
1256414,25.1,51.0,3837.0,1.0
1257020,25.1,51.0,3845.0,1.0
1257626,25.1,51.0,3837.0,1.0
1258233,25.1,51.0,3842.0,1.0
1258839,25.1,51.0,3843.0,1.0
1259445,25.1,51.0,3849.0,1.0
1260051,25.1,51.0,3845.0,1.0
1260657,25.1,51.0,3844.0,1.0
1261264,25.1,51.0,3853.0,1.0
1261870,25.1,51.0,3856.0,1.0
1262476,25.1,51.0,3863.0,1.0
1263082,25.1,51.0,3873.0,1.0
1263688,25.1,51.0,3877.0,1.0
1264295,25.1,51.0,3872.0,1.0
1264901,25.1,51.0,3876.0,1.0
1265507,25.1,51.0,3872.0,1.0
1266113,25.1,51.0,3878.0,1.0
1266719,25.1,51.0,3879.0,1.0
1267326,25.1,51.0,3888.0,1.0
1267932,25.1,51.0,3887.0,1.0
1268538,25.1,51.0,3878.0,1.0
1269144,25.1,51.0,3873.0,1.0
1269750,25.1,51.0,3875.0,1.0
1270357,25.1,51.0,3876.0,1.0
1270963,25.1,51.0,3868.0,1.0
1271569,25.1,51.0,3859.0,1.0
1272175,25.1,51.0,3849.0,1.0
1272781,25.1,51.0,3845.0,1.0
1273388,25.0,51.0,3855.0,1.0
1273994,25.1,51.0,3845.0,1.0
1274600,25.1,51.0,3847.0,1.0
1275206,25.1,51.0,3838.0,1.0
1275812,25.1,51.0,3824.0,1.0
1276419,25.1,51.0,3812.0,1.0
1277025,25.1,51.0,3799.0,1.0
1277631,25.1,51.0,3798.0,1.0
1278237,25.0,51.0,3795.0,1.0
1278843,25.1,51.0,3793.0,1.0
1279450,25.1,51.0,3803.0,1.0
1280056,25.1,51.0,3810.0,1.0
1280662,25.1,51.0,3800.0,1.0
1281268,25.1,51.0,3795.0,1.0
1281874,25.1,51.0,3791.0,1.0
1282481,25.1,51.0,3777.0,1.0
1283087,25.1,51.0,3770.0,1.0
1283693,25.1,51.0,3766.0,1.0
1284299,25.1,51.0,3757.0,1.0
1284905,25.1,51.0,3767.0,1.0
1285512,25.0,51.0,3764.0,1.0
1286118,25.1,51.0,3751.0,1.0
1286724,25.1,51.0,3753.0,1.0
1287330,25.1,51.0,3750.0,1.0
1287936,25.1,51.0,3747.0,1.0
1288543,25.1,51.0,3736.0,1.0
1289149,25.1,51.0,3738.0,1.0
1289755,25.1,51.0,3747.0,1.0
1290361,25.1,51.0,3742.0,1.0
1290967,25.1,51.0,3749.0,1.0
1291574,25.1,51.0,3742.0,1.0
1292180,25.1,51.0,3736.0,1.0
1292786,25.1,51.0,3745.0,1.0
1293392,25.1,51.0,3737.0,1.0
1293998,25.1,51.0,3746.0,1.0
1294604,25.0,51.0,3737.0,1.0
1295211,25.0,51.0,3738.0,1.0
1295817,25.1,51.0,3728.0,1.0
1296423,25.1,51.0,3722.0,1.0
1297029,25.1,51.0,3727.0,1.0
1297635,25.1,51.0,3737.0,1.0
1298242,25.1,51.0,3730.0,1.0
1298848,25.1,51.0,3738.0,1.0
1299454,25.1,51.0,3728.0,1.0
1300060,25.1,51.0,3725.0,1.0
1300666,25.1,51.0,3725.0,1.0
1301273,25.1,51.0,3735.0,1.0
1301879,25.1,51.0,3743.0,1.0
1302485,25.1,51.0,3734.0,1.0
1303091,25.0,51.0,4095.0,1.0
1303697,25.0,51.0,4095.0,1.0
1304304,25.0,51.0,4095.0,1.0
1304910,25.1,51.0,4083.0,1.0
1305516,25.1,51.0,4085.0,1.0
1306122,25.1,51.0,4086.0,1.0
1306728,25.1,51.0,4092.0,1.0
1307335,25.1,51.0,4095.0,1.0
1307941,25.1,51.0,4085.0,1.0
1308547,25.1,51.0,4085.0,1.0
1309153,25.1,51.0,4074.0,1.0
1309759,25.1,51.0,4062.0,1.0
1310366,25.1,51.0,4058.0,1.0
1310972,25.1,51.0,4059.0,1.0
1311578,25.1,51.0,4046.0,1.0
1312184,25.1,51.0,4056.0,1.0
1312790,25.1,51.0,4048.0,1.0
1313397,25.1,51.0,4047.0,1.0
1314003,25.1,51.0,4055.0,1.0
1314609,25.1,51.0,4055.0,1.0
1315215,25.1,51.0,4048.0,1.0
1315821,25.1,51.0,4051.0,1.0
1316428,25.1,51.0,4038.0,1.0
1317034,25.1,51.0,4037.0,1.0
1317640,25.1,51.0,4041.0,1.0
1318246,25.1,51.0,4034.0,1.0
1318852,25.1,51.0,4025.0,1.0
1319459,25.1,51.0,4030.0,1.0
1320065,25.1,51.0,4036.0,1.0
1320671,25.1,51.0,4022.0,1.0
1321277,25.1,51.0,4018.0,1.0
1321883,25.1,51.0,4018.0,1.0
1322490,25.1,51.0,4013.0,1.0
1323096,25.1,51.0,4001.0,1.0
1323702,25.1,51.0,3993.0,1.0
1324308,25.0,51.0,3985.0,1.0
1324914,25.1,51.0,3977.0,1.0
1325521,25.1,51.0,3978.0,1.0
1326127,25.1,51.0,3986.0,1.0
1326733,25.1,51.0,3992.0,1.0
1327339,25.1,51.0,3989.0,1.0
1327945,25.1,51.0,3998.0,1.0
1328552,25.1,51.0,3998.0,1.0
1329158,25.1,51.0,3987.0,1.0
1329764,25.1,51.0,3973.0,1.0
1330370,25.1,51.0,3979.0,1.0
1330976,25.1,51.0,3973.0,1.0
1331583,25.1,51.0,3962.0,1.0
1332189,25.1,51.0,3965.0,1.0
1332795,25.0,51.0,3966.0,1.0
1333401,25.1,51.0,3972.0,1.0
1334007,25.1,51.0,3978.0,1.0
1334614,25.1,51.0,3966.0,1.0
1335220,25.1,51.0,3975.0,1.0
1335826,25.1,51.0,3964.0,1.0
1336432,25.0,51.0,3966.0,1.0
1337038,25.1,51.0,3962.0,1.0
1337645,25.1,51.0,3948.0,1.0
1338251,25.0,51.0,3956.0,1.0
1338857,25.1,51.0,3957.0,1.0
1339463,25.1,51.0,3956.0,1.0
1340069,25.1,51.0,3945.0,1.0
1340676,25.1,51.0,3947.0,1.0
1341282,25.1,51.0,3957.0,1.0
1341888,25.1,51.0,3954.0,1.0
1342494,25.1,51.0,3944.0,1.0
1343100,25.0,51.0,3954.0,1.0
1343706,25.1,51.0,3953.0,1.0
1344313,25.1,51.0,3955.0,1.0
1344919,25.1,51.0,3959.0,1.0
1345525,25.1,51.0,3968.0,1.0
1346131,25.1,51.0,3968.0,1.0
1346737,25.1,51.0,3971.0,1.0
1347344,25.1,51.0,3975.0,1.0
1347950,25.1,51.0,3975.0,1.0
1348556,25.1,51.0,3971.0,1.0
1349162,25.1,51.0,3965.0,1.0
1349768,25.1,51.0,3959.0,1.0
1350375,25.1,51.0,3953.0,1.0
1350981,25.1,51.0,3946.0,1.0
1351587,25.1,51.0,3943.0,1.0
1352193,25.1,51.0,3938.0,1.0
1352799,25.1,51.0,3944.0,1.0
1353406,25.1,51.0,3930.0,1.0
1354012,25.1,51.0,3923.0,1.0
1354618,25.1,51.0,3914.0,1.0
1355224,25.1,51.0,3906.0,1.0
1355830,25.1,51.0,3892.0,1.0
1356437,25.1,51.0,4095.0,1.0
1357043,25.1,51.0,4095.0,1.0
1357649,25.1,51.0,4092.0,1.0
1358255,25.1,51.0,4095.0,1.0
1358861,25.1,51.0,4090.0,1.0
1359468,25.0,51.0,4078.0,1.0
1360074,25.1,51.0,4068.0,1.0
1360680,25.1,51.0,4075.0,1.0
1361286,25.1,51.0,4075.0,1.0
1361892,25.1,51.0,4062.0,1.0
1362499,25.1,51.0,4055.0,1.0
1363105,25.1,51.0,4064.0,1.0
1363711,25.1,51.0,4056.0,1.0
1364317,25.1,51.0,4052.0,1.0
1364923,25.1,51.0,4060.0,1.0
1365530,25.1,51.0,4065.0,1.0
1366136,25.1,51.0,4056.0,1.0
1366742,25.1,51.0,4052.0,1.0
1367348,25.1,51.0,4060.0,1.0
1367954,25.0,51.0,4050.0,1.0
1368561,25.1,51.0,4049.0,1.0
1369167,25.1,51.0,4036.0,1.0
1369773,25.1,51.0,4030.0,1.0
1370379,25.1,51.0,4039.0,1.0
1370985,25.0,51.0,4049.0,1.0
1371592,25.1,51.0,4036.0,1.0
1372198,25.1,51.0,4038.0,1.0
1372804,25.1,51.0,4032.0,1.0
1373410,25.1,51.0,4037.0,1.0
1374016,25.1,51.0,4047.0,1.0
1374623,25.1,51.0,4051.0,1.0
1375229,25.1,51.0,4053.0,1.0
1375835,25.1,51.0,4058.0,1.0
1376441,25.1,51.0,4066.0,1.0
1377047,25.1,51.0,4057.0,1.0
1377654,25.1,51.0,4056.0,1.0
1378260,25.1,51.0,4058.0,1.0
1378866,25.1,51.0,4062.0,1.0
1379472,25.1,51.0,4066.0,1.0
1380078,25.1,51.0,4063.0,1.0
1380685,25.1,51.0,4072.0,1.0
1381291,25.1,51.0,4070.0,1.0
1381897,25.1,51.0,4060.0,1.0
1382503,25.1,51.0,4058.0,1.0
1383109,25.1,51.0,4066.0,1.0
1383716,25.1,51.0,4058.0,1.0
1384322,25.1,51.0,4058.0,1.0
1384928,25.1,51.0,4066.0,1.0
1385534,25.1,51.0,4065.0,1.0
1386140,25.1,51.0,4064.0,1.0
1386747,25.1,51.0,4054.0,1.0
1387353,25.1,51.0,4049.0,1.0
1387959,25.1,51.0,4054.0,1.0
1388565,25.1,51.0,4044.0,1.0
1389171,25.1,51.0,4033.0,1.0
1389777,25.1,51.0,4036.0,1.0
1390384,25.1,51.0,4040.0,1.0
1390990,25.1,51.0,4049.0,1.0
1391596,25.0,51.0,4037.0,1.0
1392202,25.1,51.0,4028.0,1.0
1392808,25.1,51.0,4017.0,1.0
1393415,25.1,51.0,4010.0,1.0
1394021,25.1,51.0,4020.0,1.0
1394627,25.1,51.0,4028.0,1.0
1395233,25.1,51.0,4015.0,1.0
1395839,25.1,51.0,4019.0,1.0
1396446,25.1,51.0,4026.0,1.0
1397052,25.1,51.0,4023.0,1.0
1397658,25.1,51.0,4014.0,1.0
1398264,25.1,51.0,4001.0,1.0
1398870,25.1,51.0,4010.0,1.0
1399477,25.1,51.0,3999.0,1.0
1400083,25.1,51.0,3995.0,1.0
1400689,25.1,51.0,4002.0,1.0
1401295,25.1,51.0,4004.0,1.0
1401901,25.1,51.0,3997.0,1.0
1402508,25.1,51.0,3998.0,1.0
1403114,25.1,51.0,3993.0,1.0
1403720,25.1,51.0,3980.0,1.0
1404326,25.1,51.0,3985.0,1.0
1404932,25.1,51.0,3986.0,1.0
1405539,25.1,51.0,3991.0,1.0
1406145,25.1,51.0,4001.0,1.0
1406751,25.1,51.0,4095.0,1.0
1407357,25.1,51.0,4095.0,1.0
1407963,25.1,51.0,4091.0,1.0
1408570,25.1,51.0,4090.0,1.0
1409176,25.1,51.0,4090.0,1.0
1409782,25.1,51.0,4080.0,1.0
1410388,25.1,51.0,4076.0,1.0
1410994,25.1,51.0,4067.0,1.0
1411601,25.1,51.0,4095.0,1.0
1412207,25.1,51.0,4095.0,1.0
1412813,25.1,51.0,4082.0,1.0
1413419,25.1,51.0,4085.0,1.0
1414025,25.1,51.0,4079.0,1.0
1414632,25.1,51.0,4083.0,1.0
1415238,25.1,51.0,4078.0,1.0
1415844,25.1,51.0,4069.0,1.0
1416450,25.1,51.0,4073.0,1.0
1417056,25.1,51.0,4059.0,1.0
1417663,25.1,51.0,4056.0,1.0
1418269,25.1,51.0,4055.0,1.0
1418875,25.1,51.0,4062.0,1.0
1419481,25.1,51.0,4062.0,1.0
1420087,25.1,51.0,4064.0,1.0
1420694,25.1,51.0,4064.0,1.0
1421300,25.1,51.0,4074.0,1.0
1421906,25.1,51.0,4061.0,1.0
1422512,25.1,51.0,4056.0,1.0
1423118,25.1,51.0,4061.0,1.0
1423725,25.1,51.0,4064.0,1.0
1424331,25.1,51.0,4064.0,1.0
1424937,25.0,51.0,4060.0,1.0
1425543,25.1,51.0,4066.0,1.0
1426149,25.1,51.0,4074.0,1.0
1426756,25.1,51.0,4082.0,1.0
1427362,25.1,51.0,4086.0,1.0
1427968,25.1,51.0,4082.0,1.0
1428574,25.1,51.0,4079.0,1.0
1429180,25.1,51.0,4084.0,1.0
1429787,25.1,51.0,4080.0,1.0
1430393,25.1,51.0,4067.0,1.0
1430999,25.0,51.0,4062.0,1.0
1431605,25.1,51.0,4070.0,1.0
1432211,25.1,51.0,4065.0,1.0
1432818,25.1,51.0,4057.0,1.0
1433424,25.1,51.0,4051.0,1.0
1434030,25.1,51.0,4057.0,1.0
1434636,25.1,51.0,4067.0,1.0
1435242,25.1,51.0,4072.0,1.0
1435849,25.1,51.0,4081.0,1.0
1436455,25.1,51.0,4090.0,1.0
1437061,25.1,51.0,4088.0,1.0
1437667,25.1,51.0,4095.0,1.0
1438273,25.0,51.0,4093.0,1.0
1438879,25.1,51.0,4081.0,1.0
1439486,25.1,51.0,4082.0,1.0
1440092,25.1,51.0,4075.0,1.0
1440698,25.1,51.0,4071.0,1.0
1441304,25.1,51.0,4075.0,1.0
1441910,25.1,51.0,4065.0,1.0
1442517,25.1,51.0,4066.0,1.0
1443123,25.0,51.0,4075.0,1.0
1443729,25.1,51.0,4063.0,1.0
1444335,25.0,51.0,4064.0,1.0
1444941,25.1,51.0,4073.0,1.0
1445548,25.1,51.0,4072.0,1.0
1446154,25.1,51.0,4074.0,1.0
1446760,25.1,51.0,4083.0,1.0
1447366,25.1,51.0,4095.0,1.0
1447972,25.1,51.0,4082.0,1.0
1448579,25.1,51.0,4081.0,1.0
1449185,25.1,51.0,4088.0,1.0
1449791,25.1,51.0,4077.0,1.0
1450397,25.1,51.0,4066.0,1.0
1451003,25.1,51.0,4057.0,1.0
1451610,25.1,51.0,4058.0,1.0
1452216,25.1,51.0,4067.0,1.0
1452822,25.1,51.0,4060.0,1.0
1453428,25.1,51.0,4055.0,1.0
1454034,25.1,51.0,4048.0,1.0
1454641,25.1,51.0,4045.0,1.0
1455247,25.1,51.0,4044.0,1.0
1455853,25.1,51.0,4032.0,1.0
1456459,25.1,51.0,4040.0,1.0
1457065,25.1,51.0,4050.0,1.0
1457672,25.1,51.0,4054.0,1.0
1458278,25.1,51.0,4060.0,1.0
1458884,25.1,51.0,4053.0,1.0
1459490,25.1,51.0,4062.0,1.0
1460096,25.1,51.0,4056.0,1.0
1460703,25.1,51.0,4045.0,1.0
1461309,25.1,51.0,4031.0,1.0
1461915,25.1,51.0,4021.0,1.0
1462521,25.1,51.0,4022.0,1.0
1463127,25.1,51.0,4009.0,1.0
1463734,25.1,51.0,4012.0,1.0
1464340,25.0,51.0,4013.0,1.0
1464946,25.1,51.0,4015.0,1.0
1465552,25.1,51.0,4012.0,1.0
1466158,25.1,51.0,4014.0,1.0
1466765,25.0,51.0,4008.0,1.0
1467371,25.1,51.0,4016.0,1.0
1467977,25.1,51.0,4005.0,1.0
1468583,25.1,51.0,4015.0,1.0
1469189,25.1,51.0,4001.0,1.0
1469796,25.1,51.0,3992.0,1.0
1470402,25.1,51.0,3992.0,1.0
1471008,25.1,51.0,3988.0,1.0
1471614,25.1,51.0,3984.0,1.0
1472220,25.1,51.0,3970.0,1.0
1472827,25.1,51.0,4095.0,1.0
1473433,25.1,51.0,4095.0,1.0
1474039,25.1,51.0,4095.0,1.0
1474645,25.1,51.0,4095.0,1.0
1475251,25.1,51.0,4095.0,1.0
1475858,25.1,51.0,4095.0,1.0
1476464,25.1,51.0,4095.0,1.0
1477070,25.1,51.0,4086.0,1.0
1477676,25.1,51.0,4075.0,1.0
1478282,25.1,51.0,4065.0,1.0
1478889,25.0,51.0,4069.0,1.0
1479495,25.1,51.0,4067.0,1.0
1480101,25.0,51.0,4053.0,1.0
1480707,25.1,51.0,4057.0,1.0
1481313,25.1,51.0,4057.0,1.0
1481920,25.1,51.0,4062.0,1.0
1482526,25.1,51.0,4048.0,1.0
1483132,25.1,51.0,4048.0,1.0
1483738,25.1,51.0,4057.0,1.0
1484344,25.0,51.0,4045.0,1.0
1484950,25.1,51.0,4042.0,1.0
1485557,25.1,51.0,4050.0,1.0
1486163,25.1,51.0,4095.0,1.0
1486769,25.0,51.0,4095.0,1.0
1487375,25.1,51.0,4094.0,1.0
1487981,25.0,51.0,4090.0,1.0
1488588,25.1,51.0,4095.0,1.0
1489194,25.1,51.0,4085.0,1.0
1489800,25.1,51.0,4092.0,1.0
1490406,25.1,51.0,4080.0,1.0
1491012,25.1,51.0,4086.0,1.0
1491619,25.1,51.0,4094.0,1.0
1492225,25.1,51.0,4083.0,1.0
1492831,25.1,51.0,4070.0,1.0
1493437,25.1,51.0,4060.0,1.0
1494043,25.1,51.0,4059.0,1.0
1494650,25.1,51.0,4069.0,1.0
1495256,25.1,51.0,4065.0,1.0
1495862,25.1,51.0,4065.0,1.0
1496468,25.1,51.0,4075.0,1.0
1497074,25.1,51.0,4085.0,1.0
1497681,25.1,51.0,4080.0,1.0
1498287,25.1,51.0,4083.0,1.0
1498893,25.1,51.0,4084.0,1.0
1499499,25.1,51.0,4085.0,1.0
1500105,25.1,51.0,4089.0,1.0
1500712,25.1,51.0,4094.0,1.0
1501318,25.1,51.0,4095.0,1.0
1501924,25.1,51.0,4095.0,1.0
1502530,25.1,51.0,4095.0,1.0
1503136,25.1,51.0,4084.0,1.0
1503743,25.1,51.0,4079.0,1.0
1504349,25.1,51.0,4069.0,1.0
1504955,25.1,51.0,4074.0,1.0
1505561,25.1,51.0,4062.0,1.0
1506167,25.1,51.0,4053.0,1.0
1506774,25.0,51.0,4056.0,1.0
1507380,25.1,51.0,4051.0,1.0
1507986,25.1,51.0,4052.0,1.0
1508592,25.1,51.0,4048.0,1.0
1509198,25.1,51.0,4049.0,1.0
1509805,25.1,51.0,4049.0,1.0
1510411,25.1,51.0,4050.0,1.0
1511017,25.1,51.0,4041.0,1.0
1511623,25.1,51.0,4028.0,1.0
1512229,25.1,51.0,4022.0,1.0
1512836,25.1,51.0,4017.0,1.0
1513442,25.1,51.0,4011.0,1.0
1514048,25.1,51.0,4015.0,1.0
1514654,25.1,51.0,4022.0,1.0
1515260,25.1,51.0,4016.0,1.0
1515867,25.1,51.0,4019.0,1.0
1516473,25.1,51.0,4019.0,1.0
1517079,25.1,51.0,4010.0,1.0
1517685,25.1,51.0,4007.0,1.0
1518291,25.1,51.0,4005.0,1.0
1518898,25.0,51.0,4006.0,1.0
1519504,25.1,51.0,4007.0,1.0
1520110,25.1,51.0,4002.0,1.0
1520716,25.1,51.0,4008.0,1.0
1521322,25.1,51.0,4095.0,1.0
1521929,25.1,51.0,4083.0,1.0
1522535,25.1,51.0,4085.0,1.0
1523141,25.1,51.0,4091.0,1.0
1523747,25.1,51.0,4080.0,1.0
1524353,25.1,51.0,4068.0,1.0
1524960,25.1,51.0,4057.0,1.0
1525566,25.1,51.0,4048.0,1.0
1526172,25.1,51.0,4058.0,1.0
1526778,25.1,51.0,4046.0,1.0
1527384,25.1,51.0,4038.0,1.0
1527991,25.1,51.0,4027.0,1.0
1528597,25.1,51.0,4031.0,1.0
1529203,25.1,51.0,4026.0,1.0
1529809,25.1,51.0,4023.0,1.0
1530415,25.1,51.0,4016.0,1.0
1531022,25.0,51.0,4014.0,1.0
1531628,25.1,51.0,4000.0,1.0
1532234,25.1,51.0,4003.0,1.0
1532840,25.1,51.0,3991.0,1.0
1533446,25.1,51.0,3991.0,1.0
1534052,25.1,51.0,3978.0,1.0
1534659,25.1,51.0,3975.0,1.0
1535265,25.1,51.0,3975.0,1.0
1535871,25.1,51.0,3984.0,1.0
1536477,25.1,51.0,3994.0,1.0
1537083,25.1,51.0,3982.0,1.0
1537690,25.1,51.0,3981.0,1.0
1538296,25.0,51.0,3989.0,1.0
1538902,25.1,51.0,3980.0,1.0
1539508,25.1,51.0,3971.0,1.0
1540114,25.1,51.0,3966.0,1.0
1540721,25.0,51.0,3959.0,1.0
1541327,25.1,51.0,3948.0,1.0
1541933,25.1,51.0,3952.0,1.0
1542539,25.1,51.0,3953.0,1.0
1543145,25.1,51.0,3948.0,1.0
1543752,25.1,51.0,3957.0,1.0
1544358,25.1,51.0,3951.0,1.0
1544964,25.1,51.0,3940.0,1.0
1545570,25.1,51.0,3930.0,1.0
1546176,25.1,51.0,3918.0,1.0
1546783,25.1,51.0,3928.0,1.0
1547389,25.1,51.0,3920.0,1.0
1547995,25.1,51.0,3929.0,1.0
1548601,25.1,51.0,3938.0,1.0
1150330,25.1,51.0,540.3076280040414,1.0
1150930,25.1,51.0,556.4656659998092,1.0
1151554,25.0,51.0,545.5257452571989,1.0
1152154,25.0,51.0,604.6155904875409,1.0
1152754,25.0,51.0,584.7667089191198,1.0
1153354,25.0,51.0,593.7200858206005,1.0
1153978,25.0,51.0,556.7588842887031,1.0
1154578,25.0,51.0,575.5851571432415,1.0
1155178,25.0,51.0,560.435478155043,1.0
1155778,25.0,51.0,588.6203341589454,1.0
1156403,25.1,51.0,565.2890926889991,1.0
1157003,25.1,51.0,526.6635134231764,1.0
1157603,25.1,51.0,619.0509789239621,1.0
1158203,25.1,51.0,544.1191520487218,1.0
1158828,25.1,51.0,598.6530084185214,1.0
1159428,25.1,51.0,514.9810949055013,1.0
1160028,25.1,51.0,583.0131318077991,1.0
1160628,25.1,51.0,517.7029027474592,1.0
1161253,25.1,51.0,670.7245389419891,1.0
1161853,25.1,51.0,1001.0227220065404,1.0
1162453,25.1,51.0,1226.2784889894765,1.0
1163053,25.1,51.0,1987.2571354038596,1.0
1163678,25.1,51.0,2459.3336113515297,1.0
1164278,25.1,51.0,2726.9525630707512,1.0
1164878,25.1,51.0,2979.5358355803655,1.0
1165478,25.1,51.0,3184.969735649176,1.0
1166103,25.1,51.0,3501.4076946885048,1.0
1166703,25.1,51.0,3906.42190888331,1.0
1167303,25.1,51.0,4084.029731338459,1.0
1167903,25.1,51.0,4095.0,1.0
1168528,25.1,51.0,4069.8684267848016,1.0
1169128,25.1,51.0,4084.5850684158763,1.0
1169728,25.1,51.0,4095.0,1.0
1170328,25.1,51.0,4095.0,1.0
1170953,25.1,51.0,4078.7536684315914,1.0
1171553,25.1,51.0,4094.660431955921,1.0
1172153,25.1,51.0,4095.0,1.0
1172753,25.1,51.0,4084.023699691889,1.0
1173378,25.1,51.0,4026.48664644898,1.0
1173978,25.1,51.0,4095.0,1.0
1174578,25.1,51.0,4095.0,1.0
1175178,25.1,51.0,4095.0,1.0
1175803,25.1,51.0,4089.7165150327082,1.0
1176403,25.1,51.0,4065.5116778961265,1.0
1177003,25.1,51.0,4095.0,1.0
1177603,25.1,51.0,4095.0,1.0
1178228,25.1,51.0,4095.0,1.0
1178828,25.1,51.0,4023.7690375693865,1.0
1179428,25.1,51.0,4088.540244997012,1.0
1180028,25.1,51.0,4070.2468948097176,1.0
1180653,25.1,51.0,4095.0,1.0
1181253,25.1,51.0,4034.0936557795835,1.0
1181853,25.1,51.0,4083.361120261936,1.0
1182453,25.1,51.0,4095.0,1.0
1183078,25.1,51.0,4095.0,1.0
1183678,25.1,51.0,4095.0,1.0
1184278,25.1,51.0,4095.0,1.0
1184878,25.1,51.0,4095.0,1.0
1185503,25.1,51.0,4082.1946295395624,1.0
1186103,25.1,51.0,4095.0,1.0
1186703,25.1,51.0,4095.0,1.0
1187303,25.1,51.0,4095.0,1.0
1187928,25.1,51.0,4095.0,1.0
1188528,25.1,51.0,4095.0,1.0
1189128,25.1,51.0,4066.454279893437,1.0
1189728,25.1,51.0,4095.0,1.0
1190353,25.1,51.0,3956.8385119188424,1.0
1190953,25.1,51.0,3832.215569837273,1.0
1191553,25.1,51.0,3935.28944411019,1.0
1192153,25.1,51.0,3991.3410485099816,1.0
1192778,25.1,51.0,4012.410342384713,1.0
1193378,25.1,51.0,4090.012533072592,1.0
1193978,25.1,51.0,4085.7061661116154,1.0
1194578,25.1,51.0,4095.0,1.0
1195203,25.1,51.0,4076.603178000803,1.0
1195803,25.1,51.0,4095.0,1.0
1196403,25.1,51.0,4071.431683360761,1.0
1197003,25.1,51.0,4095.0,1.0
1197628,25.1,51.0,4081.3073919260305,1.0
1198228,25.1,51.0,4095.0,1.0
1198828,25.1,51.0,4095.0,1.0
1199428,25.1,51.0,4095.0,1.0
1200053,25.1,51.0,4071.890901570536,1.0
1200653,25.1,51.0,4046.8437460570053,1.0
1201253,25.1,51.0,4095.0,1.0
1201853,25.1,51.0,4095.0,1.0
1202478,25.1,51.0,4095.0,1.0
1203078,25.1,51.0,4091.6618875488502,1.0
1203678,25.1,51.0,4095.0,1.0
1204278,25.1,51.0,4041.2025069677857,1.0
1204903,25.1,51.0,4095.0,1.0
1205503,25.1,51.0,4095.0,1.0
1206103,25.1,51.0,4088.2227435962177,1.0
1206703,25.1,51.0,4095.0,1.0
1207328,25.1,51.0,4095.0,1.0
1207928,25.1,51.0,4070.6170687277286,1.0
1208528,25.1,51.0,4095.0,1.0
1209128,25.1,51.0,4095.0,1.0
1209753,25.1,51.0,4095.0,1.0
1210353,25.1,51.0,4066.4966974703007,1.0
1210953,25.1,51.0,4080.9473385571478,1.0
1211553,25.1,51.0,4095.0,1.0
1212178,25.1,51.0,4090.378549755199,1.0
1212778,25.1,51.0,4095.0,1.0
1213378,25.1,51.0,4078.576099623587,1.0
1213978,25.1,51.0,4095.0,1.0
1214603,25.1,51.0,4065.369767952067,1.0
1215203,25.1,51.0,4095.0,1.0
1215803,25.1,51.0,4079.3708933725507,1.0
1216403,25.1,51.0,4045.2748746560055,1.0
1217028,25.1,51.0,4086.911244514133,1.0
1217628,25.1,51.0,4095.0,1.0
1218228,25.1,51.0,4095.0,1.0
1218828,25.1,51.0,4095.0,1.0
1219453,25.1,51.0,4095.0,1.0
1220053,25.1,51.0,4095.0,1.0
1220653,25.1,51.0,4060.2207766616757,1.0
1221253,25.1,51.0,4053.958631879804,1.0
1221878,25.1,51.0,4095.0,1.0
1222478,25.1,51.0,4063.186780407417,1.0
1223078,25.1,51.0,4083.967601733196,1.0
1223678,25.1,51.0,4072.778503692816,1.0
1224303,25.1,51.0,4072.7956666723644,1.0
1224903,25.1,51.0,4092.151618159439,1.0
1225503,25.1,51.0,4076.000281915356,1.0
1226103,25.1,51.0,4082.471208490604,1.0
1226728,25.1,51.0,4021.7448219992048,1.0
1227328,25.1,51.0,4072.8099986007605,1.0
1227928,25.1,51.0,4067.6816733961937,1.0
1228528,25.1,51.0,4028.699279458023,1.0
1229153,25.1,51.0,4095.0,1.0
1229753,25.1,51.0,4083.704861415729,1.0
1230353,25.1,51.0,4070.1318056859095,1.0
1230953,25.1,51.0,4006.767232148228,1.0
1231578,25.1,51.0,3992.685743471878,1.0
1232178,25.1,51.0,4012.5442086378057,1.0
1232778,25.1,51.0,3950.424011036135,1.0
1233378,25.1,51.0,4016.6080024637295,1.0
1234003,25.1,51.0,3995.7958329709513,1.0
1234603,25.1,51.0,4044.198095794151,1.0
1235203,25.1,51.0,3966.8078461157734,1.0
1235803,25.1,51.0,3967.9483344719524,1.0
1236428,25.1,51.0,3975.5576282502643,1.0
1237028,25.1,51.0,3971.087147206438,1.0
1237628,25.1,51.0,3936.6553806955785,1.0
1238228,25.1,51.0,3922.888960009891,1.0
1238853,25.1,51.0,3936.066180758231,1.0
1239453,25.1,51.0,3924.4684244260784,1.0
1240053,25.1,51.0,3912.8677028324037,1.0
1240653,25.1,51.0,3954.041384196968,1.0
1241278,25.1,51.0,3931.380651372034,1.0
1241878,25.1,51.0,3903.26323951677,1.0
1242478,25.1,51.0,3959.00166843726,1.0
1243078,25.1,51.0,3931.2916052476385,1.0
1243703,25.1,51.0,3897.1813823269367,1.0
1244303,25.1,51.0,3897.5017191026,1.0
1244903,25.1,51.0,3869.7159123528354,1.0
1245503,25.1,51.0,3862.45797743885,1.0
1246109,25.1,51.0,3846.6576344801324,1.0
1246715,25.1,51.0,3834.661481320259,1.0
1247321,25.1,51.0,3854.17812792396,1.0
1247927,25.1,51.0,3821.8688174789745,1.0
1248533,25.1,51.0,3862.9974827833,1.0
1249140,25.1,51.0,3845.3125528459864,1.0
1249746,25.1,51.0,3837.5697829453125,1.0
1250352,25.1,51.0,3830.5136702562418,1.0
1250958,25.1,51.0,3819.3991589777697,1.0
1251564,25.1,51.0,3850.074879298117,1.0
1252171,25.1,51.0,3825.7075418631134,1.0
1252777,25.1,51.0,3896.150206616317,1.0
1253383,25.1,51.0,3862.2577411576044,1.0
1253989,25.1,51.0,3829.058793982772,1.0
1254595,25.1,51.0,3821.663441326415,1.0
1255202,25.1,51.0,3887.097675577423,1.0
1255808,25.1,51.0,3832.0244923908936,1.0
1256414,25.1,51.0,3840.0558758714933,1.0
1257020,25.1,51.0,3864.13874643753,1.0
1257626,25.1,51.0,3846.9558253057703,1.0
1258233,25.1,51.0,3873.837635739313,1.0
1258839,25.1,51.0,3872.180992744976,1.0
1259445,25.1,51.0,3906.188921728428,1.0
1260051,25.1,51.0,3838.3350430234136,1.0
1260657,25.1,51.0,3875.5516622284013,1.0
1261264,25.1,51.0,3844.4539045721817,1.0
1261870,25.1,51.0,3841.1825135316153,1.0
1262476,25.1,51.0,3858.781728339737,1.0
1263082,25.1,51.0,3865.876677616755,1.0
1263688,25.1,51.0,3892.2246199970873,1.0
1264295,25.1,51.0,3919.706690289451,1.0
1264901,25.1,51.0,3866.9195013805042,1.0
1265507,25.1,51.0,3927.3798873070377,1.0
1266113,25.1,51.0,3837.4714715964183,1.0
1266719,25.1,51.0,3876.670679772418,1.0
1267326,25.1,51.0,3979.2037439345627,1.0
1267932,25.1,51.0,3864.2573009599223,1.0
1268538,25.1,51.0,3825.3419778142156,1.0
1269144,25.1,51.0,3826.8494512768666,1.0
1269750,25.1,51.0,3852.562820900912,1.0
1270357,25.1,51.0,3834.290533457198,1.0
1270963,25.1,51.0,3847.100795270913,1.0
1271569,25.1,51.0,3865.352796310698,1.0
1272175,25.1,51.0,3865.284593223153,1.0
1272781,25.1,51.0,3826.1099555628443,1.0
1273388,25.0,51.0,3894.877984671285,1.0
1273994,25.1,51.0,3869.976599086726,1.0
1274600,25.1,51.0,3884.9689036973027,1.0
1275206,25.1,51.0,3826.159743866202,1.0
1275812,25.1,51.0,3766.8326432367357,1.0
1276419,25.1,51.0,3847.0818124941306,1.0
1277025,25.1,51.0,3826.1656389044656,1.0
1277631,25.1,51.0,3864.5707616450454,1.0
1278237,25.0,51.0,3771.9558855359883,1.0
1278843,25.1,51.0,3782.714263951098,1.0
1279450,25.1,51.0,3797.2417079750726,1.0
1280056,25.1,51.0,3835.2366048209033,1.0
1280662,25.1,51.0,3780.6183144530783,1.0
1281268,25.1,51.0,3745.0219394588835,1.0
1281874,25.1,51.0,3712.0864695455116,1.0
1282481,25.1,51.0,3791.1589660076443,1.0
1283087,25.1,51.0,3729.2000961952126,1.0
1283693,25.1,51.0,3749.9913894967044,1.0
1284299,25.1,51.0,3668.1558477832837,1.0
1284905,25.1,51.0,3771.5539991123233,1.0
1285512,25.0,51.0,3781.657895271709,1.0
1286118,25.1,51.0,3759.0541561491846,1.0
1286724,25.1,51.0,3748.620308641739,1.0
1287330,25.1,51.0,3766.2239498234853,1.0
1287936,25.1,51.0,3713.4290120248934,1.0
1288543,25.1,51.0,3687.9509293296123,1.0
1289149,25.1,51.0,3746.106191028056,1.0
1289755,25.1,51.0,3716.244735806244,1.0
1290361,25.1,51.0,3734.341296842638,1.0
1290967,25.1,51.0,3717.9990872883322,1.0
1291574,25.1,51.0,3765.1640119983886,1.0
1292180,25.1,51.0,3683.301407608346,1.0
1292786,25.1,51.0,3797.6531556879886,1.0
1293392,25.1,51.0,3730.7805873235366,1.0
1293998,25.1,51.0,3759.4608486409384,1.0
1294604,25.0,51.0,3734.125839028336,1.0
1295211,25.0,51.0,3710.6006784945534,1.0
1295817,25.1,51.0,3776.8210631845886,1.0
1296423,25.1,51.0,3756.895729585842,1.0
1297029,25.1,51.0,3682.143058987761,1.0
1297635,25.1,51.0,3714.028515470471,1.0
1298242,25.1,51.0,3773.810869976792,1.0
1298848,25.1,51.0,3730.95957536931,1.0
1299454,25.1,51.0,3696.7721821270675,1.0
1300060,25.1,51.0,3681.352390726364,1.0
1300666,25.1,51.0,3741.4202326106642,1.0
1301273,25.1,51.0,3759.728198902932,1.0
1301879,25.1,51.0,3726.1046525123015,1.0
1302485,25.1,51.0,3742.249509563938,1.0
1303091,25.0,51.0,4095.0,1.0
1303697,25.0,51.0,4095.0,1.0
1304304,25.0,51.0,4095.0,1.0
1304910,25.1,51.0,4084.8250241614887,1.0
1305516,25.1,51.0,4095.0,1.0
1306122,25.1,51.0,4095.0,1.0
1306728,25.1,51.0,4095.0,1.0
1307335,25.1,51.0,4095.0,1.0
1307941,25.1,51.0,4084.900174506089,1.0
1308547,25.1,51.0,4038.1800609366787,1.0
1309153,25.1,51.0,4095.0,1.0
1309759,25.1,51.0,4088.538074138041,1.0
1310366,25.1,51.0,4031.5944117409513,1.0
1310972,25.1,51.0,4032.466763711582,1.0
1311578,25.1,51.0,4071.6867382626,1.0
1312184,25.1,51.0,4001.7180817062003,1.0
1312790,25.1,51.0,4042.585233476761,1.0
1313397,25.1,51.0,4043.871192228627,1.0
1314003,25.1,51.0,4064.256718032083,1.0
1314609,25.1,51.0,4021.61242637216,1.0
1315215,25.1,51.0,4095.0,1.0
1315821,25.1,51.0,4044.9838597552425,1.0
1316428,25.1,51.0,4015.7958831311826,1.0
1317034,25.1,51.0,4040.8344735405262,1.0
1317640,25.1,51.0,4035.590662032169,1.0
1318246,25.1,51.0,4033.2219015100573,1.0
1318852,25.1,51.0,4016.113827130699,1.0
1319459,25.1,51.0,4056.2048284429957,1.0
1320065,25.1,51.0,4042.1102759722303,1.0
1320671,25.1,51.0,4033.381423521621,1.0
1321277,25.1,51.0,4082.5546516172403,1.0
1321883,25.1,51.0,4014.0532239878626,1.0
1322490,25.1,51.0,4027.449539437744,1.0
1323096,25.1,51.0,4022.076746015211,1.0
1323702,25.1,51.0,4027.5148493942465,1.0
1324308,25.0,51.0,3985.8095535844022,1.0
1324914,25.1,51.0,3974.241911776469,1.0
1325521,25.1,51.0,3967.0271240200295,1.0
1326127,25.1,51.0,3944.4587234083274,1.0
1326733,25.1,51.0,4013.5994223124094,1.0
1327339,25.1,51.0,3981.3742833514357,1.0
1327945,25.1,51.0,4016.616245550282,1.0
1328552,25.1,51.0,4028.694931781774,1.0
1329158,25.1,51.0,4004.491037984256,1.0
1329764,25.1,51.0,3997.0172190508088,1.0
1330370,25.1,51.0,3969.205840107665,1.0
1330976,25.1,51.0,3941.4113785475656,1.0
1331583,25.1,51.0,3959.113789519164,1.0
1332189,25.1,51.0,3938.09977739686,1.0
1332795,25.0,51.0,3958.528819446086,1.0
1333401,25.1,51.0,3970.6118614880593,1.0
1334007,25.1,51.0,3958.082437421621,1.0
1334614,25.1,51.0,3971.187795352299,1.0
1335220,25.1,51.0,3998.374344725768,1.0
1335826,25.1,51.0,3949.28235007528,1.0
1336432,25.0,51.0,3934.8577782504403,1.0
1337038,25.1,51.0,3982.03301409357,1.0
1337645,25.1,51.0,3939.9465577510614,1.0
1338251,25.0,51.0,3900.4150533329507,1.0
1338857,25.1,51.0,3964.287153116804,1.0
1339463,25.1,51.0,3904.312324910746,1.0
1340069,25.1,51.0,3906.643287714696,1.0
1340676,25.1,51.0,3967.354478825573,1.0
1341282,25.1,51.0,3943.7433011070407,1.0
1341888,25.1,51.0,3952.206530217951,1.0
1342494,25.1,51.0,3974.852039923825,1.0
1343100,25.0,51.0,3947.8670807050635,1.0
1343706,25.1,51.0,3929.5024351153443,1.0
1344313,25.1,51.0,3976.23815803897,1.0
1344919,25.1,51.0,3951.4767714772092,1.0
1345525,25.1,51.0,3993.369769556921,1.0
1346131,25.1,51.0,3976.6792908154316,1.0
1346737,25.1,51.0,4026.1895569213484,1.0
1347344,25.1,51.0,3926.5977832032027,1.0
1347950,25.1,51.0,3962.414876168014,1.0
1348556,25.1,51.0,3984.193611578363,1.0
1349162,25.1,51.0,3990.245702323483,1.0
1349768,25.1,51.0,3981.8681996963387,1.0
1350375,25.1,51.0,3979.69069207491,1.0
1350981,25.1,51.0,3935.5033410429687,1.0
1351587,25.1,51.0,3955.60913514494,1.0
1352193,25.1,51.0,3939.0887531341623,1.0
1352799,25.1,51.0,3976.3640390718974,1.0
1353406,25.1,51.0,3944.11494403634,1.0
1354012,25.1,51.0,3891.670817580013,1.0
1354618,25.1,51.0,3927.6020801290483,1.0
1355224,25.1,51.0,3885.522386108169,1.0
1355830,25.1,51.0,3916.707192140246,1.0
1356437,25.1,51.0,4012.310370077202,1.0
1357043,25.1,51.0,4070.6490913726248,1.0
1357649,25.1,51.0,4061.8890437336854,1.0
1358255,25.1,51.0,4095.0,1.0
1358861,25.1,51.0,4062.0148764691166,1.0
1359468,25.0,51.0,4080.922036687871,1.0
1360074,25.1,51.0,4072.824683628592,1.0
1360680,25.1,51.0,4095.0,1.0
1361286,25.1,51.0,4095.0,1.0
1361892,25.1,51.0,4043.9969624236896,1.0
1362499,25.1,51.0,4034.687831337631,1.0
1363105,25.1,51.0,4024.5069838362824,1.0
1363711,25.1,51.0,4065.633899582495,1.0
1364317,25.1,51.0,4017.239711286562,1.0
1364923,25.1,51.0,4031.8007193449675,1.0
1365530,25.1,51.0,4058.9048716405305,1.0
1366136,25.1,51.0,4016.619662627721,1.0
1366742,25.1,51.0,4036.4825788048215,1.0
1367348,25.1,51.0,4095.0,1.0
1367954,25.0,51.0,4051.9101412589525,1.0
1368561,25.1,51.0,4026.6010892165345,1.0
1369167,25.1,51.0,4055.9241867994688,1.0
1369773,25.1,51.0,4068.6710810843238,1.0
1370379,25.1,51.0,4069.9171269371413,1.0
1370985,25.0,51.0,4082.346370955159,1.0
1371592,25.1,51.0,4034.328212398482,1.0
1372198,25.1,51.0,3981.4516447153214,1.0
1372804,25.1,51.0,4046.2963341523487,1.0
1373410,25.1,51.0,4048.7581768382224,1.0
1374016,25.1,51.0,4054.0245809854027,1.0
1374623,25.1,51.0,4015.578893043135,1.0
1375229,25.1,51.0,4032.3443252068796,1.0
1375835,25.1,51.0,4053.0547304834777,1.0
1376441,25.1,51.0,4024.805901194343,1.0
1377047,25.1,51.0,4095.0,1.0
1377654,25.1,51.0,4064.690515186421,1.0
1378260,25.1,51.0,4044.662433966868,1.0
1378866,25.1,51.0,4059.9303558704664,1.0
1379472,25.1,51.0,4095.0,1.0
1380078,25.1,51.0,4061.923536118998,1.0
1380685,25.1,51.0,4044.011541540064,1.0
1381291,25.1,51.0,4035.9121846638163,1.0
1381897,25.1,51.0,4073.4796929470513,1.0
1382503,25.1,51.0,4031.459845659734,1.0
1383109,25.1,51.0,4095.0,1.0
1383716,25.1,51.0,4069.3300169554614,1.0
1384322,25.1,51.0,4042.3905116914425,1.0
1384928,25.1,51.0,4067.3373382070827,1.0
1385534,25.1,51.0,4095.0,1.0
1386140,25.1,51.0,4034.9877232273907,1.0
1386747,25.1,51.0,4012.959380459295,1.0
1387353,25.1,51.0,4045.2300318161315,1.0
1387959,25.1,51.0,4032.795297030081,1.0
1388565,25.1,51.0,4026.5969665262364,1.0
1389171,25.1,51.0,4014.5144242635583,1.0
1389777,25.1,51.0,4032.0342605002047,1.0
1390384,25.1,51.0,4037.7719701564993,1.0
1390990,25.1,51.0,4007.9001942769764,1.0
1391596,25.0,51.0,4022.8640556335877,1.0
1392202,25.1,51.0,4033.780371000416,1.0
1392808,25.1,51.0,4017.478011803561,1.0
1393415,25.1,51.0,3934.858708358457,1.0
1394021,25.1,51.0,4026.912551628124,1.0
1394627,25.1,51.0,3974.863120446037,1.0
1395233,25.1,51.0,3990.7277804670935,1.0
1395839,25.1,51.0,4002.4859843629447,1.0
1396446,25.1,51.0,4031.403104285646,1.0
1397052,25.1,51.0,4022.3025252427406,1.0
1397658,25.1,51.0,4022.202300875017,1.0
1398264,25.1,51.0,4010.2508051248687,1.0
1398870,25.1,51.0,3996.38784753323,1.0
1399477,25.1,51.0,4027.9632392176272,1.0
1400083,25.1,51.0,3947.357313892559,1.0
1400689,25.1,51.0,4029.377292697782,1.0
1401295,25.1,51.0,3967.899670037649,1.0
1401901,25.1,51.0,3945.317378100901,1.0
1402508,25.1,51.0,4008.402473436093,1.0
1403114,25.1,51.0,3983.019807013137,1.0
1403720,25.1,51.0,3968.4389961927604,1.0
1404326,25.1,51.0,3986.2256217528266,1.0
1404932,25.1,51.0,3962.5044182435618,1.0
1405539,25.1,51.0,4027.690133414418,1.0
1406145,25.1,51.0,4043.3998190743573,1.0
1406751,25.1,51.0,4056.982606681668,1.0
1407357,25.1,51.0,4085.2661478067193,1.0
1407963,25.1,51.0,4095.0,1.0
1408570,25.1,51.0,4061.2112801101125,1.0
1409176,25.1,51.0,4095.0,1.0
1409782,25.1,51.0,4072.240417091048,1.0
1410388,25.1,51.0,4073.6805190346,1.0
1410994,25.1,51.0,4095.0,1.0
1411601,25.1,51.0,4051.3236713629367,1.0
1412207,25.1,51.0,4095.0,1.0
1412813,25.1,51.0,4094.058463979552,1.0
1413419,25.1,51.0,4054.6776131555785,1.0
1414025,25.1,51.0,4078.1307931242814,1.0
1414632,25.1,51.0,4048.3497360103415,1.0
1415238,25.1,51.0,4061.5792284037193,1.0
1415844,25.1,51.0,3999.2560570436494,1.0
1416450,25.1,51.0,4027.511412863219,1.0
1417056,25.1,51.0,4088.7460707073815,1.0
1417663,25.1,51.0,4063.708792912515,1.0
1418269,25.1,51.0,4095.0,1.0
1418875,25.1,51.0,4052.2619988404567,1.0
1419481,25.1,51.0,4095.0,1.0
1420087,25.1,51.0,4039.920288369483,1.0
1420694,25.1,51.0,4053.665140578581,1.0
1421300,25.1,51.0,4090.005887330743,1.0
1421906,25.1,51.0,4032.5371889770113,1.0
1422512,25.1,51.0,4039.0083067262044,1.0
1423118,25.1,51.0,4065.21680771807,1.0
1423725,25.1,51.0,4057.920563249769,1.0
1424331,25.1,51.0,4095.0,1.0
1424937,25.0,51.0,4040.8441991035975,1.0
1425543,25.1,51.0,4095.0,1.0
1426149,25.1,51.0,4088.2580818228694,1.0
1426756,25.1,51.0,4095.0,1.0
1427362,25.1,51.0,4083.4259402266744,1.0
1427968,25.1,51.0,4070.8638982786997,1.0
1428574,25.1,51.0,4095.0,1.0
1429180,25.1,51.0,4070.3396214682903,1.0
1429787,25.1,51.0,4095.0,1.0
1430393,25.1,51.0,4079.401482115243,1.0
1430999,25.0,51.0,4042.611823204526,1.0
1431605,25.1,51.0,4080.821851483122,1.0
1432211,25.1,51.0,4094.048522115214,1.0
1432818,25.1,51.0,4036.026753427595,1.0
1433424,25.1,51.0,4012.9863430482,1.0
1434030,25.1,51.0,4042.7668664573544,1.0
1434636,25.1,51.0,4027.582943103389,1.0
1435242,25.1,51.0,4095.0,1.0
1435849,25.1,51.0,4095.0,1.0
1436455,25.1,51.0,4074.6263268336984,1.0
1437061,25.1,51.0,4095.0,1.0
1437667,25.1,51.0,4095.0,1.0
1438273,25.0,51.0,4095.0,1.0
1438879,25.1,51.0,4062.753777847896,1.0
1439486,25.1,51.0,4070.904698360413,1.0
1440092,25.1,51.0,4046.729072554927,1.0
1440698,25.1,51.0,4095.0,1.0
1441304,25.1,51.0,4056.6209460814357,1.0
1441910,25.1,51.0,4095.0,1.0
1442517,25.1,51.0,4095.0,1.0
1443123,25.0,51.0,4095.0,1.0
1443729,25.1,51.0,4093.5841458623154,1.0
1444335,25.0,51.0,4095.0,1.0
1444941,25.1,51.0,4095.0,1.0
1445548,25.1,51.0,4031.7496027838747,1.0
1446154,25.1,51.0,4095.0,1.0
1446760,25.1,51.0,4095.0,1.0
1447366,25.1,51.0,4052.110010223032,1.0
1447972,25.1,51.0,4095.0,1.0
1448579,25.1,51.0,4095.0,1.0
1449185,25.1,51.0,4095.0,1.0
1449791,25.1,51.0,4088.1989107102268,1.0
1450397,25.1,51.0,4038.0822424046983,1.0
1451003,25.1,51.0,4095.0,1.0
1451610,25.1,51.0,4095.0,1.0
1452216,25.1,51.0,4046.148420850677,1.0
1452822,25.1,51.0,4095.0,1.0
1453428,25.1,51.0,4028.4034264616594,1.0
1454034,25.1,51.0,4059.8531955387703,1.0
1454641,25.1,51.0,4012.5744727483943,1.0
1455247,25.1,51.0,4049.067823163691,1.0
1455853,25.1,51.0,4014.563272928476,1.0
1456459,25.1,51.0,4039.7258106812533,1.0
1457065,25.1,51.0,4047.1595209577335,1.0
1457672,25.1,51.0,4055.552258575542,1.0
1458278,25.1,51.0,4009.3298154937333,1.0
1458884,25.1,51.0,4057.7774625019506,1.0
1459490,25.1,51.0,4074.12773347325,1.0
1460096,25.1,51.0,4046.72568131782,1.0
1460703,25.1,51.0,4030.089830527492,1.0
1461309,25.1,51.0,4006.246787674816,1.0
1461915,25.1,51.0,3983.711441549557,1.0
1462521,25.1,51.0,3982.7564163588313,1.0
1463127,25.1,51.0,4004.7542653272544,1.0
1463734,25.1,51.0,4000.5375638686814,1.0
1464340,25.0,51.0,3998.180900239708,1.0
1464946,25.1,51.0,4002.9405638967646,1.0
1465552,25.1,51.0,3994.1072446470985,1.0
1466158,25.1,51.0,4053.431692222878,1.0
1466765,25.0,51.0,4053.5634521488205,1.0
1467371,25.1,51.0,4042.1986119210114,1.0
1467977,25.1,51.0,4030.933838062142,1.0
1468583,25.1,51.0,4011.0348319251098,1.0
1469189,25.1,51.0,3971.10160373493,1.0
1469796,25.1,51.0,4053.126772710895,1.0
1470402,25.1,51.0,4018.101490271442,1.0
1471008,25.1,51.0,4001.161277110305,1.0
1471614,25.1,51.0,3982.3157222186096,1.0
1472220,25.1,51.0,3957.200219775079,1.0
1472827,25.1,51.0,4075.4682465596543,1.0
1473433,25.1,51.0,4095.0,1.0
1474039,25.1,51.0,4049.1535427229287,1.0
1474645,25.1,51.0,4092.9486438938156,1.0
1475251,25.1,51.0,4095.0,1.0
1475858,25.1,51.0,4067.7495237706403,1.0
1476464,25.1,51.0,4063.4864928182806,1.0
1477070,25.1,51.0,4032.4453943848453,1.0
1477676,25.1,51.0,4095.0,1.0
1478282,25.1,51.0,4067.9423668474137,1.0
1478889,25.0,51.0,4072.8675204327055,1.0
1479495,25.1,51.0,4069.93757581098,1.0
1480101,25.0,51.0,4061.3378891511247,1.0
1480707,25.1,51.0,4074.0425782773464,1.0
1481313,25.1,51.0,4070.255839187959,1.0
1481920,25.1,51.0,4001.134156027603,1.0
1482526,25.1,51.0,3999.287915337978,1.0
1483132,25.1,51.0,4001.5676692651105,1.0
1483738,25.1,51.0,4033.949689619317,1.0
1484344,25.0,51.0,4065.009658078201,1.0
1484950,25.1,51.0,4095.0,1.0
1485557,25.1,51.0,4095.0,1.0
1486163,25.1,51.0,4095.0,1.0
1486769,25.0,51.0,4064.6723635364847,1.0
1487375,25.1,51.0,4081.6803447845864,1.0
1487981,25.0,51.0,4095.0,1.0
1488588,25.1,51.0,4066.9724997221733,1.0
1489194,25.1,51.0,4084.4793961281566,1.0
1489800,25.1,51.0,4049.8055188846115,1.0
1490406,25.1,51.0,4095.0,1.0
1491012,25.1,51.0,4095.0,1.0
1491619,25.1,51.0,4095.0,1.0
1492225,25.1,51.0,4041.7640059712326,1.0
1492831,25.1,51.0,4095.0,1.0
1493437,25.1,51.0,4048.7857723407565,1.0
1494043,25.1,51.0,4087.2308396327085,1.0
1494650,25.1,51.0,4063.312632349561,1.0
1495256,25.1,51.0,4057.044546810466,1.0
1495862,25.1,51.0,4087.2633672219863,1.0
1496468,25.1,51.0,4040.565541726428,1.0
1497074,25.1,51.0,4095.0,1.0
1497681,25.1,51.0,4034.8349467576522,1.0
1498287,25.1,51.0,4009.514764879427,1.0
1498893,25.1,51.0,4054.801851822146,1.0
1499499,25.1,51.0,4077.4828765322736,1.0
1500105,25.1,51.0,4095.0,1.0
1500712,25.1,51.0,4095.0,1.0
1501318,25.1,51.0,4088.8059910767,1.0
1501924,25.1,51.0,4095.0,1.0
1502530,25.1,51.0,4095.0,1.0
1503136,25.1,51.0,4095.0,1.0
1503743,25.1,51.0,4092.101047266689,1.0
1504349,25.1,51.0,4095.0,1.0
1504955,25.1,51.0,4084.614451194292,1.0
1505561,25.1,51.0,4071.57325010894,1.0
1506167,25.1,51.0,4060.0168594697357,1.0
1506774,25.0,51.0,4031.743349677547,1.0
1507380,25.1,51.0,4033.650531654825,1.0
1507986,25.1,51.0,4077.2305826553716,1.0
1508592,25.1,51.0,4069.207654592027,1.0
1509198,25.1,51.0,3992.508086643704,1.0
1509805,25.1,51.0,3988.608855543539,1.0
1510411,25.1,51.0,4073.231498348227,1.0
1511017,25.1,51.0,4052.4190943311655,1.0
1511623,25.1,51.0,4059.6669979708568,1.0
1512229,25.1,51.0,4006.09176953373,1.0
1512836,25.1,51.0,4040.7131889452908,1.0
1513442,25.1,51.0,4031.3364539786,1.0
1514048,25.1,51.0,4060.743989045384,1.0
1514654,25.1,51.0,3970.552199747766,1.0
1515260,25.1,51.0,4030.013053998002,1.0
1515867,25.1,51.0,3991.04434204708,1.0
1516473,25.1,51.0,4035.3619547267626,1.0
1517079,25.1,51.0,4052.393162427936,1.0
1517685,25.1,51.0,4002.972904238787,1.0
1518291,25.1,51.0,4063.663984960574,1.0
1518898,25.0,51.0,3995.8062971397785,1.0
1519504,25.1,51.0,4010.6554422674412,1.0
1520110,25.1,51.0,3942.6204595398794,1.0
1520716,25.1,51.0,3964.1785195540397,1.0
1521322,25.1,51.0,4095.0,1.0
1521929,25.1,51.0,4095.0,1.0
1522535,25.1,51.0,4095.0,1.0
1523141,25.1,51.0,4095.0,1.0
1523747,25.1,51.0,4095.0,1.0
1524353,25.1,51.0,4095.0,1.0
1524960,25.1,51.0,4079.270235479687,1.0
1525566,25.1,51.0,4095.0,1.0
1526172,25.1,51.0,4034.411061795668,1.0
1526778,25.1,51.0,4035.7477377581217,1.0
1527384,25.1,51.0,4033.829394119926,1.0
1527991,25.1,51.0,4042.2999974565387,1.0
1528597,25.1,51.0,4015.3835725515914,1.0
1529203,25.1,51.0,4027.8088154938455,1.0
1529809,25.1,51.0,4035.9181561947303,1.0
1530415,25.1,51.0,3967.8645428799896,1.0
1531022,25.0,51.0,3988.7395489767314,1.0
1531628,25.1,51.0,4053.6284049651053,1.0
1532234,25.1,51.0,4026.1247837131345,1.0
1532840,25.1,51.0,3986.7724197329753,1.0
1533446,25.1,51.0,3974.5602411357754,1.0
1534052,25.1,51.0,3975.688679555487,1.0
1534659,25.1,51.0,4011.742176439207,1.0
1535265,25.1,51.0,3960.8650042991853,1.0
1535871,25.1,51.0,4008.833957797723,1.0
1536477,25.1,51.0,3915.840099687996,1.0
1537083,25.1,51.0,3982.4590704866578,1.0
1537690,25.1,51.0,4035.4444508242223,1.0
1538296,25.0,51.0,3988.9038077261393,1.0
1538902,25.1,51.0,3991.257037716446,1.0
1539508,25.1,51.0,3973.338633595591,1.0
1540114,25.1,51.0,4012.441787691569,1.0
1540721,25.0,51.0,3925.061490121258,1.0
1541327,25.1,51.0,3953.1616236619616,1.0
1541933,25.1,51.0,3969.6936135209826,1.0
1542539,25.1,51.0,3902.781362338187,1.0
1543145,25.1,51.0,3992.2920873517446,1.0
1543752,25.1,51.0,3918.7898486158147,1.0
1544358,25.1,51.0,3943.6363002269163,1.0
1544964,25.1,51.0,3921.665539442584,1.0
1545570,25.1,51.0,3902.7085777790176,1.0
1546176,25.1,51.0,3913.2605390884532,1.0
1546783,25.1,51.0,3905.939286484813,1.0
1547389,25.1,51.0,3906.803740194682,1.0
1547995,25.1,51.0,3906.962438565513,1.0
1548601,25.1,51.0,3947.340282835928,1.0
1036999,25.0,51.0,569.1648772790755,0.0
1037599,25.0,51.0,582.1137404939159,0.010101010101010102
1038199,25.0,51.0,590.5095902649471,0.020202020202020204
1038799,25.0,51.0,606.031006294936,0.030303030303030304
1039399,25.0,51.0,660.4166810864716,0.04040404040404041
1039999,25.0,51.0,686.3741819222632,0.05050505050505051
1040599,25.0,51.0,704.2690815384689,0.06060606060606061
1041199,25.0,51.0,733.4843276712605,0.07070707070707072
1041799,25.0,51.0,762.4227047825277,0.08080808080808081
1042399,25.0,51.0,786.2129746471369,0.09090909090909091
1042999,25.0,51.0,816.7210862818653,0.10101010101010102
1043599,25.0,51.0,868.3960980586711,0.11111111111111112
1044199,25.0,51.0,864.0094506982546,0.12121212121212122
1044799,25.0,51.0,902.8579793229027,0.13131313131313133
1045399,25.0,51.0,968.6086347295347,0.14141414141414144
1045999,25.0,51.0,962.9436909191421,0.15151515151515152
1046599,25.0,51.0,1006.5123093382521,0.16161616161616163
1047199,25.0,51.0,1014.6093920176746,0.17171717171717174
1047799,25.0,51.0,1029.4625788911944,0.18181818181818182
1048399,25.0,51.0,1056.668239897901,0.19191919191919193
1048999,25.0,51.0,1093.7477678958278,0.20202020202020204
1049599,25.0,51.0,1133.6768807559808,0.21212121212121213
1050199,25.0,51.0,1146.4654413158385,0.22222222222222224
1050799,25.0,51.0,1182.1067746529209,0.23232323232323235
1051399,25.0,51.0,1184.2158558958417,0.24242424242424243
1051999,25.0,51.0,1236.260072834358,0.25252525252525254
1052599,25.0,51.0,1272.5664857921126,0.26262626262626265
1053199,25.0,51.0,1296.602299024506,0.27272727272727276
1053799,25.0,51.0,1312.2879023431326,0.2828282828282829
1054399,25.0,51.0,1348.8547410045712,0.29292929292929293
1054999,25.0,51.0,1348.4231830691722,0.30303030303030304
1055599,25.0,51.0,1408.1357429365476,0.31313131313131315
1056199,25.0,51.0,1415.6734063848426,0.32323232323232326
1056799,25.0,51.0,1465.089109807983,0.33333333333333337
1057399,25.0,51.0,1494.353095518239,0.3434343434343435
1057999,25.0,51.0,1509.4436177243392,0.3535353535353536
1058599,25.0,51.0,1522.9245901449353,0.36363636363636365
1059199,25.0,51.0,1557.681111971314,0.37373737373737376
1059799,25.0,51.0,1574.1303118030926,0.38383838383838387
1060399,25.0,51.0,1625.475676352121,0.393939393939394
1060999,25.0,51.0,1643.7907928073507,0.4040404040404041
1061599,25.0,51.0,1669.922032183609,0.4141414141414142
1062199,25.0,51.0,1697.9651955064444,0.42424242424242425
1062799,25.0,51.0,1741.3670371556157,0.43434343434343436
1063399,25.0,51.0,1768.9256142496602,0.4444444444444445
1063999,25.0,51.0,1805.3671576967865,0.4545454545454546
1064599,25.0,51.0,1796.7693582558895,0.4646464646464647
1065199,25.0,51.0,1825.7075944076375,0.4747474747474748
1065799,25.0,51.0,1870.9302576570433,0.48484848484848486
1066399,25.0,51.0,1896.9083156954912,0.494949494949495
1066999,25.0,51.0,1943.720060113332,0.5050505050505051
1067599,25.0,51.0,1939.2175066612858,0.5151515151515152
1068199,25.0,51.0,1988.9168991766535,0.5252525252525253
1068799,25.0,51.0,2018.2971156375852,0.5353535353535354
1069399,25.0,51.0,2036.6091770827966,0.5454545454545455
1069999,25.0,51.0,2049.820619442791,0.5555555555555556
1070599,25.0,51.0,2092.9747552416493,0.5656565656565657
1071199,25.0,51.0,2088.66399614262,0.5757575757575758
1071799,25.0,51.0,2145.6542576424285,0.5858585858585859
1072399,25.0,51.0,2149.0770489502297,0.595959595959596
1072999,25.0,51.0,2181.6934060059293,0.6060606060606061
1073599,25.0,51.0,2235.292877232,0.6161616161616162
1074199,25.0,51.0,2254.8789281179284,0.6262626262626263
1074799,25.0,51.0,2283.642787861205,0.6363636363636365
1075399,25.0,51.0,2337.245347143658,0.6464646464646465
1075999,25.0,51.0,2319.3307775477965,0.6565656565656566
1076599,25.0,51.0,2355.4471051318355,0.6666666666666667
1077199,25.0,51.0,2377.061541786426,0.6767676767676768
1077799,25.0,51.0,2419.8411054484463,0.686868686868687
1078399,25.0,51.0,2440.718479764436,0.696969696969697
1078999,25.0,51.0,2454.2017830046093,0.7070707070707072
1079599,25.0,51.0,2492.5789977028553,0.7171717171717172
1080199,25.0,51.0,2518.256849514718,0.7272727272727273
1080799,25.0,51.0,2576.102524881838,0.7373737373737375
1081399,25.0,51.0,2600.8083773348008,0.7474747474747475
1081999,25.0,51.0,2640.527587850257,0.7575757575757577
1082599,25.0,51.0,2642.131216288266,0.7676767676767677
1083199,25.0,51.0,2663.9974096408564,0.7777777777777778
1083799,25.0,51.0,2674.99593921416,0.787878787878788
1084399,25.0,51.0,2741.9302774534585,0.797979797979798
1084999,25.0,51.0,2774.739009005713,0.8080808080808082
1085599,25.0,51.0,2752.925248267802,0.8181818181818182
1086199,25.0,51.0,2800.8861481499343,0.8282828282828284
1086799,25.0,51.0,2835.8817566887524,0.8383838383838385
1087399,25.0,51.0,2875.750034296825,0.8484848484848485
1087999,25.0,51.0,2889.283182613878,0.8585858585858587
1088599,25.0,51.0,2908.2349720140055,0.8686868686868687
1089199,25.0,51.0,2946.121525019668,0.8787878787878789
1089799,25.0,51.0,2974.72314789498,0.888888888888889
1090399,25.0,51.0,2990.3189637444807,0.8989898989898991
1090999,25.0,51.0,3056.516814830391,0.9090909090909092
1091599,25.0,51.0,3062.442635132944,0.9191919191919192
1092199,25.0,51.0,3094.2613458781157,0.9292929292929294
1092799,25.0,51.0,3106.853928198718,0.9393939393939394
1093399,25.0,51.0,3128.2306375446146,0.9494949494949496
1093999,25.0,51.0,3167.7115188981093,0.9595959595959597
1094599,25.0,51.0,3209.9871077061816,0.9696969696969697
1095199,25.0,51.0,3216.9468046561606,0.9797979797979799
1095799,25.0,51.0,3262.5422223173355,0.98989898989899
1096399,25.0,51.0,3248.3781310916193,1.0
1096999,25.0,51.0,543.4798221596474,0.0
1097599,25.0,51.0,525.5442328553913,0.002004008016032064
1098199,25.0,51.0,563.0723802768936,0.004008016032064128
1098799,25.0,51.0,503.4312820786413,0.0060120240480961915
1099399,25.0,51.0,586.2467379090187,0.008016032064128256
1099999,25.0,51.0,589.0180905033718,0.01002004008016032
1100599,25.0,51.0,573.253617531646,0.012024048096192383
1101199,25.0,51.0,571.9205010177494,0.014028056112224447
1101799,25.0,51.0,622.4186367137055,0.01603206412825651
1102399,25.0,51.0,576.5192134255855,0.018036072144288574
1102999,25.0,51.0,596.4697949741584,0.02004008016032064
1103599,25.0,51.0,611.1127334997445,0.022044088176352703
1104199,25.0,51.0,621.6730868732978,0.024048096192384766
1104799,25.0,51.0,610.5955895642279,0.026052104208416832
1105399,25.0,51.0,627.2405759353994,0.028056112224448895
1105999,25.0,51.0,649.8041759179284,0.03006012024048096
1106599,25.0,51.0,634.1934178524681,0.03206412825651302
1107199,25.0,51.0,649.3454630392537,0.03406813627254509
1107799,25.0,51.0,621.0379646816663,0.03607214428857715
1108399,25.0,51.0,666.2383415450671,0.038076152304609215
1108999,25.0,51.0,624.6501929988708,0.04008016032064128
1109599,25.0,51.0,672.2283476832665,0.04208416833667334
1110199,25.0,51.0,690.6443434431274,0.044088176352705406
1110799,25.0,51.0,646.9555439163828,0.04609218436873747
1111399,25.0,51.0,669.8176511590907,0.04809619238476953
1111999,25.0,51.0,690.8114901689875,0.0501002004008016
1112599,25.0,51.0,671.922327446485,0.052104208416833664
1113199,25.0,51.0,704.1866451177583,0.05410821643286573
1113799,25.0,51.0,709.5508016674789,0.05611222444889779
1114399,25.0,51.0,707.5811318734973,0.058116232464929855
1114999,25.0,51.0,703.0163095485249,0.06012024048096192
1115599,25.0,51.0,706.4185586338988,0.06212424849699398
1116199,25.0,51.0,727.4811446965972,0.06412825651302605
1116799,25.0,51.0,708.8698883185625,0.06613226452905811
1117399,25.0,51.0,715.2224460740983,0.06813627254509018
1117999,25.0,51.0,722.2987766881978,0.07014028056112225
1118599,25.0,51.0,732.9478468127401,0.0721442885771543
1119199,25.0,51.0,738.5272724751187,0.07414829659318636
1119799,25.0,51.0,739.7168041838918,0.07615230460921843
1120399,25.0,51.0,738.9928478180694,0.0781563126252505
1120999,25.0,51.0,752.7465047830582,0.08016032064128256
1121599,25.0,51.0,760.8859472236538,0.08216432865731463
1122199,25.0,51.0,743.516043256315,0.08416833667334668
1122799,25.0,51.0,811.2172782530774,0.08617234468937875
1123399,25.0,51.0,793.1892143024107,0.08817635270541081
1123999,25.0,51.0,787.0064374986337,0.09018036072144288
1124599,25.0,51.0,769.4079358981166,0.09218436873747494
1125199,25.0,51.0,801.7930355294142,0.09418837675350701
1125799,25.0,51.0,792.6008689126005,0.09619238476953906
1126399,25.0,51.0,781.475532025639,0.09819639278557113
1126999,25.0,51.0,822.9855904583482,0.1002004008016032
1127599,25.0,51.0,821.2646856933941,0.10220440881763526
1128199,25.0,51.0,805.2156513766402,0.10420841683366733
1128799,25.0,51.0,809.2646137915034,0.1062124248496994
1129399,25.0,51.0,842.915526462742,0.10821643286573146
1129999,25.0,51.0,836.7561061039446,0.11022044088176351
1130599,25.0,51.0,856.0206664048086,0.11222444889779558
1131199,25.0,51.0,867.9302790254055,0.11422845691382764
1131799,25.0,51.0,886.2456796633267,0.11623246492985971
1132399,25.0,51.0,855.7446597443198,0.11823647294589178
1132999,25.0,51.0,860.9022036059874,0.12024048096192384
1133599,25.0,51.0,870.0681496367921,0.1222444889779559
1134199,25.0,51.0,890.9141084229457,0.12424849699398796
1134799,25.0,51.0,878.8641870789423,0.12625250501002003
1135399,25.0,51.0,899.8786498036568,0.1282565130260521
1135999,25.0,51.0,883.4317012385069,0.13026052104208416
1136599,25.0,51.0,891.8947488668861,0.13226452905811623
1137199,25.0,51.0,910.7107575828937,0.1342685370741483
1137799,25.0,51.0,942.7451036628216,0.13627254509018036
1138399,25.0,51.0,930.7729520344383,0.13827655310621242
1138999,25.0,51.0,922.2049467791282,0.1402805611222445
1139599,25.0,51.0,938.28888519963,0.14228456913827653
1140199,25.0,51.0,924.6884825596579,0.1442885771543086
1140799,25.0,51.0,941.9480045492836,0.14629258517034066
1141399,25.0,51.0,946.205735835187,0.14829659318637273
1141999,25.0,51.0,956.8596111403083,0.1503006012024048
1142599,25.0,51.0,945.5513037595094,0.15230460921843686
1143199,25.0,51.0,964.5536017007041,0.15430861723446893
1143799,25.0,51.0,988.8805051047751,0.156312625250501
1144399,25.0,51.0,969.8048544709068,0.15831663326653306
1144999,25.0,51.0,1008.842667578492,0.16032064128256512
1145599,25.0,51.0,979.7447478949363,0.1623246492985972
1146199,25.0,51.0,985.9675702258082,0.16432865731462926
1146799,25.0,51.0,997.7174990641197,0.16633266533066132
1147399,25.0,51.0,1036.7170591947802,0.16833667334669336
1147999,25.0,51.0,1011.7084851777748,0.17034068136272543
1148599,25.0,51.0,1023.9312026167663,0.1723446893787575
1149199,25.0,51.0,993.5364266266835,0.17434869739478956
1149799,25.0,51.0,1045.1271862452872,0.17635270541082163
1150399,25.0,51.0,1011.3084380572337,0.1783567134268537
1150999,25.0,51.0,1029.4635786999233,0.18036072144288576
1151599,25.0,51.0,1050.5444087418427,0.18236472945891782
1152199,25.0,51.0,1039.5021928848028,0.1843687374749499
1152799,25.0,51.0,1034.6100155414385,0.18637274549098196
1153399,25.0,51.0,1075.8767525854335,0.18837675350701402
1153999,25.0,51.0,1082.975618363507,0.1903807615230461
1154599,25.0,51.0,1052.0246025511797,0.19238476953907813
1155199,25.0,51.0,1081.8370926564214,0.1943887775551102
1155799,25.0,51.0,1082.436842355919,0.19639278557114226
1156399,25.0,51.0,1066.091218118964,0.19839679358717432
1156999,25.0,51.0,1107.418311428954,0.2004008016032064
1157599,25.0,51.0,1087.344544544898,0.20240480961923846
1158199,25.0,51.0,1084.566561234082,0.20440881763527052
1158799,25.0,51.0,1113.2775375598892,0.2064128256513026
1159399,25.0,51.0,1115.548970640066,0.20841683366733466
1159999,25.0,51.0,1123.0965074362002,0.21042084168336672
1160599,25.0,51.0,1133.357010894973,0.2124248496993988
1161199,25.0,51.0,1132.6540732673077,0.21442885771543085
1161799,25.0,51.0,1130.2225860510803,0.21643286573146292
1162399,25.0,51.0,1144.9644078646859,0.21843687374749496
1162999,25.0,51.0,1170.314040204099,0.22044088176352702
1163599,25.0,51.0,1172.271357269832,0.2224448897795591
1164199,25.0,51.0,1141.5969820912467,0.22444889779559116
1164799,25.0,51.0,1153.2992787815494,0.22645290581162322
1165399,25.0,51.0,1171.7742678933769,0.2284569138276553
1165999,25.0,51.0,1150.3893792568683,0.23046092184368736
1166599,25.0,51.0,1184.2873197945523,0.23246492985971942
1167199,25.0,51.0,1189.4600211369957,0.2344689378757515
1167799,25.0,51.0,1196.061945547469,0.23647294589178355
1168399,25.0,51.0,1210.245182618549,0.23847695390781562
1168999,25.0,51.0,1191.0146743842847,0.24048096192384769
1169599,25.0,51.0,1199.2612637818343,0.24248496993987975
1170199,25.0,51.0,1212.4873059782792,0.2444889779559118
1170799,25.0,51.0,1223.5640579947942,0.24649298597194386
1171399,25.0,51.0,1211.8164630099488,0.24849699398797592
1171999,25.0,51.0,1256.8446963275885,0.250501002004008
1172599,25.0,51.0,1236.814028435528,0.25250501002004005
1173199,25.0,51.0,1251.0846077507124,0.2545090180360721
1173799,25.0,51.0,1253.6057267591918,0.2565130260521042
1174399,25.0,51.0,1256.55849621672,0.25851703406813625
1174999,25.0,51.0,1241.7341115107793,0.2605210420841683
1175599,25.0,51.0,1249.58822418841,0.2625250501002004
1176199,25.0,51.0,1263.665262301328,0.26452905811623245
1176799,25.0,51.0,1282.8492476075044,0.2665330661322645
1177399,25.0,51.0,1275.8575353601952,0.2685370741482966
1177999,25.0,51.0,1264.2426389359732,0.27054108216432865
1178599,25.0,51.0,1298.5184155439533,0.2725450901803607
1179199,25.0,51.0,1309.892316416833,0.2745490981963928
1179799,25.0,51.0,1306.122826415091,0.27655310621242485
1180399,25.0,51.0,1306.7817745011757,0.2785571142284569
1180999,25.0,51.0,1301.9862557401946,0.280561122244489
1181599,25.0,51.0,1319.6597583091045,0.282565130260521
1182199,25.0,51.0,1342.54075246536,0.28456913827655306
1182799,25.0,51.0,1318.3569792806154,0.2865731462925851
1183399,25.0,51.0,1340.0333745423395,0.2885771543086172
1183999,25.0,51.0,1315.9909397604586,0.29058116232464926
1184599,25.0,51.0,1302.5191911039344,0.2925851703406813
1185199,25.0,51.0,1339.3474082381476,0.2945891783567134
1185799,25.0,51.0,1355.8760112034422,0.29659318637274545
1186399,25.0,51.0,1340.7715169285957,0.2985971943887775
1186999,25.0,51.0,1370.9161893414587,0.3006012024048096
1187599,25.0,51.0,1379.00306644244,0.30260521042084165
1188199,25.0,51.0,1394.4791063204,0.3046092184368737
1188799,25.0,51.0,1366.5287023044768,0.3066132264529058
1189399,25.0,51.0,1407.3038562685022,0.30861723446893785
1189999,25.0,51.0,1384.4380483937039,0.3106212424849699
1190599,25.0,51.0,1399.0428684455553,0.312625250501002
1191199,25.0,51.0,1417.809708342591,0.31462925851703405
1191799,25.0,51.0,1419.637009657284,0.3166332665330661
1192399,25.0,51.0,1410.7040681363067,0.3186372745490982
1192999,25.0,51.0,1415.9080406954715,0.32064128256513025
1193599,25.0,51.0,1444.233285382897,0.3226452905811623
1194199,25.0,51.0,1448.2659551713891,0.3246492985971944
1194799,25.0,51.0,1435.9781776179586,0.32665330661322645
1195399,25.0,51.0,1445.3693729008576,0.3286573146292585
1195999,25.0,51.0,1425.4268057675802,0.3306613226452906
1196599,25.0,51.0,1441.6970107670472,0.33266533066132264
1197199,25.0,51.0,1424.3179846003093,0.33466933867735466
1197799,25.0,51.0,1450.5867283108537,0.3366733466933867
1198399,25.0,51.0,1472.865570225599,0.3386773547094188
1198999,25.0,51.0,1480.1737158199765,0.34068136272545085
1199599,25.0,51.0,1467.5213567496703,0.3426853707414829
1200199,25.0,51.0,1487.4520829029666,0.344689378757515
1200799,25.0,51.0,1480.466310297481,0.34669338677354705
1201399,25.0,51.0,1501.74220011628,0.3486973947895791
1201999,25.0,51.0,1484.2875952335387,0.3507014028056112
1202599,25.0,51.0,1503.4724104842235,0.35270541082164325
1203199,25.0,51.0,1495.3569569343974,0.3547094188376753
1203799,25.0,51.0,1512.151882376003,0.3567134268537074
1204399,25.0,51.0,1507.4081192843469,0.35871743486973945
1204999,25.0,51.0,1518.9882699389063,0.3607214428857715
1205599,25.0,51.0,1528.1684532835943,0.3627254509018036
1206199,25.0,51.0,1527.4261044562431,0.36472945891783565
1206799,25.0,51.0,1557.8060607765947,0.3667334669338677
1207399,25.0,51.0,1527.671773865429,0.3687374749498998
1207999,25.0,51.0,1527.661415449539,0.37074148296593185
1208599,25.0,51.0,1569.9928112404386,0.3727454909819639
1209199,25.0,51.0,1583.212955342051,0.374749498997996
1209799,25.0,51.0,1552.4954217070392,0.37675350701402804
1210399,25.0,51.0,1572.2081221392189,0.3787575150300601
1210999,25.0,51.0,1577.9712345531334,0.3807615230460922
1211599,25.0,51.0,1578.45476297813,0.38276553106212424
1212199,25.0,51.0,1611.0012817667034,0.38476953907815625
1212799,25.0,51.0,1597.2160213055804,0.3867735470941883
1213399,25.0,51.0,1588.4310454912613,0.3887775551102204
1213999,25.0,51.0,1636.692591739319,0.39078156312625245
1214599,25.0,51.0,1618.5814005444565,0.3927855711422845
1215199,25.0,51.0,1608.9863106962123,0.3947895791583166
1215799,25.0,51.0,1612.5212954793517,0.39679358717434865
1216399,25.0,51.0,1608.7945284456619,0.3987975951903807
1216999,25.0,51.0,1617.4710305881395,0.4008016032064128
1217599,25.0,51.0,1629.884336888679,0.40280561122244485
1218199,25.0,51.0,1663.6420704912914,0.4048096192384769
1218799,25.0,51.0,1663.730718358843,0.406813627254509
1219399,25.0,51.0,1668.7634548775866,0.40881763527054105
1219999,25.0,51.0,1670.5041483162213,0.4108216432865731
1220599,25.0,51.0,1660.9000289303012,0.4128256513026052
1221199,25.0,51.0,1664.660517050131,0.41482965931863724
1221799,25.0,51.0,1714.0784069127305,0.4168336673346693
1222399,25.0,51.0,1675.9586396153688,0.4188376753507014
1222999,25.0,51.0,1679.6221099371655,0.42084168336673344
1223599,25.0,51.0,1705.4010852398105,0.4228456913827655
1224199,25.0,51.0,1691.7156255998045,0.4248496993987976
1224799,25.0,51.0,1687.6674922936795,0.42685370741482964
1225399,25.0,51.0,1719.9084216853116,0.4288577154308617
1225999,25.0,51.0,1727.190511476962,0.4308617234468938
1226599,25.0,51.0,1746.4750721800326,0.43286573146292584
1227199,25.0,51.0,1740.676268742779,0.4348697394789579
1227799,25.0,51.0,1748.1677685906645,0.4368737474949899
1228399,25.0,51.0,1756.4671265444547,0.438877755511022
1228999,25.0,51.0,1767.1344943470517,0.44088176352705405
1229599,25.0,51.0,1728.98196338031,0.4428857715430861
1230199,25.0,51.0,1770.8848580297472,0.4448897795591182
1230799,25.0,51.0,1756.6027995810205,0.44689378757515025
1231399,25.0,51.0,1791.8205264618573,0.4488977955911823
1231999,25.0,51.0,1767.5731676891617,0.4509018036072144
1232599,25.0,51.0,1770.7587982565246,0.45290581162324645
1233199,25.0,51.0,1779.8925660591542,0.4549098196392785
1233799,25.0,51.0,1797.471453991603,0.4569138276553106
1234399,25.0,51.0,1806.807445469127,0.45891783567134264
1234999,25.0,51.0,1819.1380563528812,0.4609218436873747
1235599,25.0,51.0,1803.1537266866794,0.4629258517034068
1236199,25.0,51.0,1805.6792061378885,0.46492985971943884
1236799,25.0,51.0,1816.128397097672,0.4669338677354709
1237399,25.0,51.0,1805.5333332259554,0.468937875751503
1237999,25.0,51.0,1838.6858810830445,0.47094188376753504
1238599,25.0,51.0,1841.8354460510068,0.4729458917835671
1239199,25.0,51.0,1835.2767359116972,0.4749498997995992
1239799,25.0,51.0,1839.9754411688011,0.47695390781563124
1240399,25.0,51.0,1871.3420707681428,0.4789579158316633
1240999,25.0,51.0,1881.6698281959352,0.48096192384769537
1241599,25.0,51.0,1853.4850246103003,0.48296593186372744
1242199,25.0,51.0,1848.8953276125458,0.4849699398797595
1242799,25.0,51.0,1881.9347799495115,0.48697394789579157
1243399,25.0,51.0,1884.5151946561484,0.4889779559118236
1243999,25.0,51.0,1883.5560026954468,0.49098196392785565
1244599,25.0,51.0,1884.7828832229577,0.4929859719438877
1245199,25.0,51.0,1889.2905983084931,0.4949899799599198
1245799,25.0,51.0,1888.242882232433,0.49699398797595185
1246399,25.0,51.0,1925.4276390194227,0.4989979959919839
1246999,25.0,51.0,1897.5373252574102,0.501002004008016
1247599,25.0,51.0,1917.9178630614776,0.503006012024048
1248199,25.0,51.0,1929.6680974559006,0.5050100200400801
1248799,25.0,51.0,1903.105439338716,0.5070140280561122
1249399,25.0,51.0,1932.7562756181637,0.5090180360721442
1249999,25.0,51.0,1924.685531939871,0.5110220440881763
1250599,25.0,51.0,1951.4385274785734,0.5130260521042084
1251199,25.0,51.0,1984.3662763660063,0.5150300601202404
1251799,25.0,51.0,1944.7317810522873,0.5170340681362725
1252399,25.0,51.0,1970.6076201036974,0.5190380761523046
1252999,25.0,51.0,1951.4351469581695,0.5210420841683366
1253599,25.0,51.0,1986.9580794097642,0.5230460921843687
1254199,25.0,51.0,1952.3758574774802,0.5250501002004008
1254799,25.0,51.0,1992.4687895947368,0.5270541082164328
1255399,25.0,51.0,1986.285510873869,0.5290581162324649
1255999,25.0,51.0,1971.5368437257105,0.531062124248497
1256599,25.0,51.0,2025.8634564670506,0.533066132264529
1257199,25.0,51.0,2011.5817003579143,0.5350701402805611
1257799,25.0,51.0,2024.1197589984858,0.5370741482965932
1258399,25.0,51.0,2029.9595171358285,0.5390781563126252
1258999,25.0,51.0,2010.11078934369,0.5410821643286573
1259599,25.0,51.0,2020.971399959958,0.5430861723446894
1260199,25.0,51.0,2034.3310698175967,0.5450901803607214
1260799,25.0,51.0,2006.2560716384494,0.5470941883767535
1261399,25.0,51.0,2052.0672581377157,0.5490981963927856
1261999,25.0,51.0,2047.5332758217605,0.5511022044088176
1262599,25.0,51.0,2064.148511164486,0.5531062124248497
1263199,25.0,51.0,2021.7153131481841,0.5551102204408818
1263799,25.0,51.0,2073.1646488811803,0.5571142284569138
1264399,25.0,51.0,2091.213928800063,0.5591182364729459
1264999,25.0,51.0,2107.7909891306026,0.561122244488978
1265599,25.0,51.0,2081.9763914132805,0.56312625250501
1266199,25.0,51.0,2108.5505407879473,0.565130260521042
1266799,25.0,51.0,2103.2076835843814,0.567134268537074
1267399,25.0,51.0,2124.9731732008186,0.5691382765531061
1267999,25.0,51.0,2090.8288797366354,0.5711422845691382
1268599,25.0,51.0,2122.9173919044697,0.5731462925851702
1269199,25.0,51.0,2129.136020266209,0.5751503006012023
1269799,25.0,51.0,2128.4552122133873,0.5771543086172344
1270399,25.0,51.0,2143.6073258259285,0.5791583166332664
1270999,25.0,51.0,2112.5905472139816,0.5811623246492985
1271599,25.0,51.0,2166.7459450289525,0.5831663326653306
1272199,25.0,51.0,2142.3335344173424,0.5851703406813626
1272799,25.0,51.0,2134.91465245166,0.5871743486973947
1273399,25.0,51.0,2155.6352003148318,0.5891783567134268
1273999,25.0,51.0,2168.1917697312165,0.5911823647294588
1274599,25.0,51.0,2190.473757597008,0.5931863727454909
1275199,25.0,51.0,2156.2825605334438,0.595190380761523
1275799,25.0,51.0,2180.819889884778,0.597194388777555
1276399,25.0,51.0,2177.2426507162304,0.5991983967935871
1276999,25.0,51.0,2186.5035912153307,0.6012024048096192
1277599,25.0,51.0,2184.6741771857837,0.6032064128256512
1278199,25.0,51.0,2199.292146602537,0.6052104208416833
1278799,25.0,51.0,2232.4529323193265,0.6072144288577154
1279399,25.0,51.0,2206.447583072209,0.6092184368737474
1279999,25.0,51.0,2201.7356777188766,0.6112224448897795
1280599,25.0,51.0,2249.91081420723,0.6132264529058116
1281199,25.0,51.0,2234.8301625610775,0.6152304609218436
1281799,25.0,51.0,2209.184495116143,0.6172344689378757
1282399,25.0,51.0,2238.3187828184336,0.6192384769539078
1282999,25.0,51.0,2263.6564595052573,0.6212424849699398
1283599,25.0,51.0,2234.292883628654,0.6232464929859719
1284199,25.0,51.0,2242.500349551789,0.625250501002004
1284799,25.0,51.0,2288.3898088451406,0.627254509018036
1285399,25.0,51.0,2283.5374393169036,0.6292585170340681
1285999,25.0,51.0,2288.6706961343825,0.6312625250501002
1286599,25.0,51.0,2257.6282494642155,0.6332665330661322
1287199,25.0,51.0,2267.694800562994,0.6352705410821643
1287799,25.0,51.0,2278.6180029762195,0.6372745490981964
1288399,25.0,51.0,2274.8005517263928,0.6392785571142284
1288999,25.0,51.0,2281.803037872295,0.6412825651302605
1289599,25.0,51.0,2288.5363802015786,0.6432865731462926
1290199,25.0,51.0,2321.4046250042093,0.6452905811623246
1290799,25.0,51.0,2321.9394368628773,0.6472945891783567
1291399,25.0,51.0,2317.4234945230646,0.6492985971943888
1291999,25.0,51.0,2345.873949970922,0.6513026052104208
1292599,25.0,51.0,2318.436804190252,0.6533066132264529
1293199,25.0,51.0,2337.2649260142066,0.655310621242485
1293799,25.0,51.0,2336.677255041226,0.657314629258517
1294399,25.0,51.0,2332.5868939104053,0.6593186372745491
1294999,25.0,51.0,2350.8067646115446,0.6613226452905812
1295599,25.0,51.0,2387.091795750333,0.6633266533066132
1296199,25.0,51.0,2370.2502368703526,0.6653306613226453
1296799,25.0,51.0,2351.790520879754,0.6673346693386772
1297399,25.0,51.0,2386.6186599427633,0.6693386773547093
1297999,25.0,51.0,2379.9561034694884,0.6713426853707414
1298599,25.0,51.0,2386.816652502769,0.6733466933867734
1299199,25.0,51.0,2374.9542490520917,0.6753507014028055
1299799,25.0,51.0,2414.919177752271,0.6773547094188376
1300399,25.0,51.0,2385.5167724379553,0.6793587174348696
1300999,25.0,51.0,2429.055877469863,0.6813627254509017
1301599,25.0,51.0,2416.265128305495,0.6833667334669338
1302199,25.0,51.0,2430.466225078013,0.6853707414829658
1302799,25.0,51.0,2413.9237909983854,0.6873747494989979
1303399,25.0,51.0,2428.703067808974,0.68937875751503
1303999,25.0,51.0,2414.099923777676,0.691382765531062
1304599,25.0,51.0,2434.2230017601064,0.6933867735470941
1305199,25.0,51.0,2461.021113682164,0.6953907815631262
1305799,25.0,51.0,2445.047860907871,0.6973947895791582
1306399,25.0,51.0,2437.967148585462,0.6993987975951903
1306999,25.0,51.0,2466.372381108724,0.7014028056112224
1307599,25.0,51.0,2471.9842358219053,0.7034068136272544
1308199,25.0,51.0,2457.2162050616407,0.7054108216432865
1308799,25.0,51.0,2484.746710750427,0.7074148296593186
1309399,25.0,51.0,2498.0920150336033,0.7094188376753506
1309999,25.0,51.0,2497.3488098350913,0.7114228456913827
1310599,25.0,51.0,2453.4859988333046,0.7134268537074148
1311199,25.0,51.0,2480.4815777582967,0.7154308617234468
1311799,25.0,51.0,2497.743702221933,0.7174348697394789
1312399,25.0,51.0,2510.5687600810616,0.719438877755511
1312999,25.0,51.0,2518.404095729655,0.721442885771543
1313599,25.0,51.0,2517.1938348549597,0.7234468937875751
1314199,25.0,51.0,2527.9315581824358,0.7254509018036072
1314799,25.0,51.0,2531.2130844849567,0.7274549098196392
1315399,25.0,51.0,2520.19807058472,0.7294589178356713
1315999,25.0,51.0,2533.411203441961,0.7314629258517034
1316599,25.0,51.0,2548.874209916065,0.7334669338677354
1317199,25.0,51.0,2518.4695944138853,0.7354709418837675
1317799,25.0,51.0,2578.4974268326305,0.7374749498997996
1318399,25.0,51.0,2581.6033306547006,0.7394789579158316
1318999,25.0,51.0,2566.760861429445,0.7414829659318637
1319599,25.0,51.0,2572.7582217459694,0.7434869739478958
1320199,25.0,51.0,2601.9713185596083,0.7454909819639278
1320799,25.0,51.0,2583.58529955104,0.7474949899799599
1321399,25.0,51.0,2587.9848559844886,0.749498997995992
1321999,25.0,51.0,2608.215993219013,0.751503006012024
1322599,25.0,51.0,2583.929674887017,0.7535070140280561
1323199,25.0,51.0,2601.321216435333,0.7555110220440882
1323799,25.0,51.0,2600.248105123044,0.7575150300601202
1324399,25.0,51.0,2635.4741454720324,0.7595190380761523
1324999,25.0,51.0,2640.413115008694,0.7615230460921844
1325599,25.0,51.0,2654.8686695600604,0.7635270541082164
1326199,25.0,51.0,2614.590871296145,0.7655310621242485
1326799,25.0,51.0,2608.8944482334878,0.7675350701402806
1327399,25.0,51.0,2660.9225052296224,0.7695390781563125
1327999,25.0,51.0,2651.55335580499,0.7715430861723446
1328599,25.0,51.0,2658.819488631877,0.7735470941883766
1329199,25.0,51.0,2677.3062161965922,0.7755511022044087
1329799,25.0,51.0,2640.473344731982,0.7775551102204408
1330399,25.0,51.0,2675.02533990377,0.7795591182364728
1330999,25.0,51.0,2665.4051920329307,0.7815631262525049
1331599,25.0,51.0,2685.882722313134,0.783567134268537
1332199,25.0,51.0,2706.0438639162544,0.785571142284569
1332799,25.0,51.0,2701.355078824749,0.7875751503006011
1333399,25.0,51.0,2696.5586290287724,0.7895791583166332
1333999,25.0,51.0,2719.5497429155016,0.7915831663326652
1334599,25.0,51.0,2685.266552669534,0.7935871743486973
1335199,25.0,51.0,2706.508885174774,0.7955911823647294
1335799,25.0,51.0,2725.482975352982,0.7975951903807614
1336399,25.0,51.0,2726.4709825988257,0.7995991983967935
1336999,25.0,51.0,2744.425047699205,0.8016032064128256
1337599,25.0,51.0,2741.0121124935563,0.8036072144288576
1338199,25.0,51.0,2723.1374435168354,0.8056112224448897
1338799,25.0,51.0,2766.029992124178,0.8076152304609218
1339399,25.0,51.0,2735.911336144044,0.8096192384769538
1339999,25.0,51.0,2772.6710857718995,0.8116232464929859
1340599,25.0,51.0,2748.0479779619354,0.813627254509018
1341199,25.0,51.0,2763.8572983004683,0.81563126252505
1341799,25.0,51.0,2787.635038487433,0.8176352705410821
1342399,25.0,51.0,2799.9414254243775,0.8196392785571142
1342999,25.0,51.0,2794.5175548207576,0.8216432865731462
1343599,25.0,51.0,2800.0126715341526,0.8236472945891783
1344199,25.0,51.0,2804.4403126936436,0.8256513026052104
1344799,25.0,51.0,2810.494585368607,0.8276553106212424
1345399,25.0,51.0,2819.294570844995,0.8296593186372745
1345999,25.0,51.0,2816.946950504012,0.8316633266533066
1346599,25.0,51.0,2841.4998454144875,0.8336673346693386
1347199,25.0,51.0,2870.4302083516304,0.8356713426853707
1347799,25.0,51.0,2800.9118877484243,0.8376753507014028
1348399,25.0,51.0,2849.251750892322,0.8396793587174348
1348999,25.0,51.0,2848.321395667089,0.8416833667334669
1349599,25.0,51.0,2873.486122657864,0.843687374749499
1350199,25.0,51.0,2847.1740731210475,0.845691382765531
1350799,25.0,51.0,2834.888937685186,0.8476953907815631
1351399,25.0,51.0,2873.631473031143,0.8496993987975952
1351999,25.0,51.0,2864.981711703011,0.8517034068136272
1352599,25.0,51.0,2860.4550761672094,0.8537074148296593
1353199,25.0,51.0,2895.9805482372103,0.8557114228456913
1353799,25.0,51.0,2928.3762265687637,0.8577154308617234
1354399,25.0,51.0,2891.7436856366107,0.8597194388777555
1354999,25.0,51.0,2897.6843474945376,0.8617234468937875
1355599,25.0,51.0,2893.743665545931,0.8637274549098196
1356199,25.0,51.0,2935.347002617879,0.8657314629258517
1356799,25.0,51.0,2912.0388562415023,0.8677354709418837
1357399,25.0,51.0,2922.1343635960293,0.8697394789579158
1357999,25.0,51.0,2917.1454378780904,0.8717434869739479
1358599,25.0,51.0,2931.964948193074,0.8737474949899798
1359199,25.0,51.0,2947.1723290517175,0.8757515030060119
1359799,25.0,51.0,2926.276349119529,0.877755511022044
1360399,25.0,51.0,2937.08637987202,0.879759519038076
1360999,25.0,51.0,2970.641364822837,0.8817635270541081
1361599,25.0,51.0,3002.1286147091296,0.8837675350701402
1362199,25.0,51.0,2961.242177784711,0.8857715430861722
1362799,25.0,51.0,2985.441786287519,0.8877755511022043
1363399,25.0,51.0,2990.5328693558295,0.8897795591182364
1363999,25.0,51.0,2973.576879268585,0.8917835671342684
1364599,25.0,51.0,3005.8853647028595,0.8937875751503005
1365199,25.0,51.0,3029.611787453502,0.8957915831663326
1365799,25.0,51.0,2982.980913466751,0.8977955911823646
1366399,25.0,51.0,2994.268684254106,0.8997995991983967
1366999,25.0,51.0,3004.908465941279,0.9018036072144288
1367599,25.0,51.0,3015.0270974048003,0.9038076152304608
1368199,25.0,51.0,3053.8780992596176,0.9058116232464929
1368799,25.0,51.0,3027.8468707050065,0.907815631262525
1369399,25.0,51.0,3022.5928334564296,0.909819639278557
1369999,25.0,51.0,3025.416102357264,0.9118236472945891
1370599,25.0,51.0,3032.841651693853,0.9138276553106212
1371199,25.0,51.0,3077.1825415563244,0.9158316633266532
1371799,25.0,51.0,3035.551461153819,0.9178356713426853
1372399,25.0,51.0,3071.2295203297203,0.9198396793587174
1372999,25.0,51.0,3052.821991412822,0.9218436873747494
1373599,25.0,51.0,3044.444875248714,0.9238476953907815
1374199,25.0,51.0,3064.07885938109,0.9258517034068136
1374799,25.0,51.0,3075.628365127844,0.9278557114228456
1375399,25.0,51.0,3073.732970090223,0.9298597194388777
1375999,25.0,51.0,3096.884964504114,0.9318637274549098
1376599,25.0,51.0,3123.6590941765726,0.9338677354709418
1377199,25.0,51.0,3091.6221033095007,0.9358717434869739
1377799,25.0,51.0,3104.5137322040437,0.937875751503006
1378399,25.0,51.0,3099.9509520746924,0.939879759519038
1378999,25.0,51.0,3115.4921515336405,0.9418837675350701
1379599,25.0,51.0,3127.5153823299943,0.9438877755511021
1380199,25.0,51.0,3136.6511247013846,0.9458917835671342
1380799,25.0,51.0,3127.546911224319,0.9478957915831663
1381399,25.0,51.0,3152.3379259043536,0.9498997995991983
1381999,25.0,51.0,3169.701744565108,0.9519038076152304
1382599,25.0,51.0,3168.3927317119665,0.9539078156312625
1383199,25.0,51.0,3138.222088874541,0.9559118236472945
1383799,25.0,51.0,3178.1440813327436,0.9579158316633266
1384399,25.0,51.0,3155.073105936912,0.9599198396793587
1384999,25.0,51.0,3173.530561598304,0.9619238476953907
1385599,25.0,51.0,3170.80010601108,0.9639278557114228
1386199,25.0,51.0,3162.4924228437726,0.9659318637274549
1386799,25.0,51.0,3208.640990549002,0.9679358717434869
1387399,25.0,51.0,3206.3612847199784,0.969939879759519
1387999,25.0,51.0,3190.464800541398,0.9719438877755511
1388599,25.0,51.0,3201.868450501622,0.9739478957915831
1389199,25.0,51.0,3207.2126311624925,0.9759519038076151
1389799,25.0,51.0,3214.194644628516,0.9779559118236472
1390399,25.0,51.0,3207.8123205807033,0.9799599198396792
1390999,25.0,51.0,3247.730354173417,0.9819639278557113
1391599,25.0,51.0,3224.560035257516,0.9839679358717434
1392199,25.0,51.0,3225.2904803373176,0.9859719438877754
1392799,25.0,51.0,3225.805162631067,0.9879759519038075
1393399,25.0,51.0,3234.1379159154626,0.9899799599198396
1393999,25.0,51.0,3218.2082196891715,0.9919839679358716
1394599,25.0,51.0,3275.640930758623,0.9939879759519037
1395199,25.0,51.0,3245.694087903314,0.9959919839679358
1395799,25.0,51.0,3249.7279739960063,0.9979959919839678
1396399,25.0,51.0,3258.0716865731283,1.0
1396999,25.0,51.0,536.8976451829574,0.0
1397599,25.0,51.0,547.0155403765233,0.0033444816053511705
1398199,25.0,51.0,568.2293007431166,0.006688963210702341
1398799,25.0,51.0,563.6481734662252,0.010033444816053512
1399399,25.0,51.0,578.50580153158,0.013377926421404682
1399999,25.0,51.0,601.7935264293137,0.016722408026755852
1400599,25.0,51.0,582.6104959997543,0.020066889632107024
1401199,25.0,51.0,593.0293429373253,0.023411371237458192
1401799,25.0,51.0,644.4503417658958,0.026755852842809364
1402399,25.0,51.0,620.1767160568661,0.030100334448160536
1402999,25.0,51.0,658.9119846072728,0.033444816053511704
1403599,25.0,51.0,627.8671462554702,0.03678929765886287
1404199,25.0,51.0,651.332238249532,0.04013377926421405
1404799,25.0,51.0,675.0553713008757,0.043478260869565216
1405399,25.0,51.0,670.8573541762217,0.046822742474916385
1405999,25.0,51.0,679.1823139927492,0.05016722408026756
1406599,25.0,51.0,681.1299157750765,0.05351170568561873
1407199,25.0,51.0,677.8902862106266,0.056856187290969896
1407799,25.0,51.0,710.1445760550848,0.06020066889632107
1408399,25.0,51.0,711.0333499093475,0.06354515050167224
1408999,25.0,51.0,721.5090863202039,0.06688963210702341
1409599,25.0,51.0,733.9789211087465,0.07023411371237458
1410199,25.0,51.0,761.946606787202,0.07357859531772575
1410799,25.0,51.0,757.9384764291175,0.07692307692307693
1411399,25.0,51.0,751.4233019639573,0.0802675585284281
1411999,25.0,51.0,811.9977715302896,0.08361204013377926
1412599,25.0,51.0,787.5491159107476,0.08695652173913043
1413199,25.0,51.0,815.2305460218612,0.0903010033444816
1413799,25.0,51.0,803.4845101094162,0.09364548494983277
1414399,25.0,51.0,816.9716720109641,0.09698996655518395
1414999,25.0,51.0,841.8476882879281,0.10033444816053512
1415599,25.0,51.0,825.0305874092774,0.10367892976588629
1416199,25.0,51.0,829.5705069959116,0.10702341137123746
1416799,25.0,51.0,840.1115729958135,0.11036789297658862
1417399,25.0,51.0,863.4686831761251,0.11371237458193979
1417999,25.0,51.0,869.3677440568774,0.11705685618729096
1418599,25.0,51.0,898.26849418896,0.12040133779264214
1419199,25.0,51.0,872.842350812068,0.12374581939799331
1419799,25.0,51.0,884.1909293225641,0.12709030100334448
1420399,25.0,51.0,908.1564136883243,0.13043478260869565
1420999,25.0,51.0,926.1483271152333,0.13377926421404682
1421599,25.0,51.0,898.43101025257,0.13712374581939799
1422199,25.0,51.0,907.8809657347749,0.14046822742474915
1422799,25.0,51.0,924.7322122814523,0.14381270903010032
1423399,25.0,51.0,957.1941723192351,0.1471571906354515
1423999,25.0,51.0,964.957880890651,0.1505016722408027
1424599,25.0,51.0,950.6162070053996,0.15384615384615385
1425199,25.0,51.0,968.8319658417112,0.15719063545150502
1425799,25.0,51.0,987.6329659651868,0.1605351170568562
1426399,25.0,51.0,1006.3184659119062,0.16387959866220736
1426999,25.0,51.0,1009.0354601876613,0.16722408026755853
1427599,25.0,51.0,1034.8196794783494,0.1705685618729097
1428199,25.0,51.0,1019.2359339458876,0.17391304347826086
1428799,25.0,51.0,1013.5850735842408,0.17725752508361203
1429399,25.0,51.0,1042.8833202479611,0.1806020066889632
1429999,25.0,51.0,1029.8879108378871,0.18394648829431437
1430599,25.0,51.0,1067.3103023460715,0.18729096989966554
1431199,25.0,51.0,1054.0784311707134,0.1906354515050167
1431799,25.0,51.0,1080.8836999535938,0.1939799331103679
1432399,25.0,51.0,1059.5420619489614,0.19732441471571907
1432999,25.0,51.0,1118.8285896973919,0.20066889632107024
1433599,25.0,51.0,1137.252271135568,0.2040133779264214
1434199,25.0,51.0,1117.7923825655057,0.20735785953177258
1434799,25.0,51.0,1138.1255931923024,0.21070234113712374
1435399,25.0,51.0,1134.966974042054,0.2140468227424749
1435999,25.0,51.0,1129.3668727017198,0.21739130434782608
1436599,25.0,51.0,1103.7622642565643,0.22073578595317725
1437199,25.0,51.0,1143.6475327467497,0.22408026755852842
1437799,25.0,51.0,1175.550395941037,0.22742474916387959
1438399,25.0,51.0,1179.3679447392158,0.23076923076923075
1438999,25.0,51.0,1186.6347262338381,0.23411371237458192
1439599,25.0,51.0,1197.6529107998153,0.23745819397993312
1440199,25.0,51.0,1201.2723602778171,0.2408026755852843
1440799,25.0,51.0,1190.1182472811079,0.24414715719063546
1441399,25.0,51.0,1206.210932584257,0.24749163879598662
1441999,25.0,51.0,1266.5098640323713,0.2508361204013378
1442599,25.0,51.0,1233.1385867810018,0.25418060200668896
1443199,25.0,51.0,1264.4599865738028,0.25752508361204013
1443799,25.0,51.0,1264.147750233065,0.2608695652173913
1444399,25.0,51.0,1246.6745666558277,0.26421404682274247
1444999,25.0,51.0,1257.208009191873,0.26755852842809363
1445599,25.0,51.0,1286.3238130861562,0.2709030100334448
1446199,25.0,51.0,1280.853188549532,0.27424749163879597
1446799,25.0,51.0,1293.3916043409831,0.27759197324414714
1447399,25.0,51.0,1327.9538270971036,0.2809364548494983
1447999,25.0,51.0,1295.3999092763347,0.2842809364548495
1448599,25.0,51.0,1321.3942781611283,0.28762541806020064
1449199,25.0,51.0,1340.6922259582705,0.2909698996655518
1449799,25.0,51.0,1355.4210846284361,0.294314381270903
1450399,25.0,51.0,1395.035939808605,0.29765886287625415
1450999,25.0,51.0,1386.2913309432229,0.3010033444816054
1451599,25.0,51.0,1366.0535345602034,0.30434782608695654
1452199,25.0,51.0,1378.0257772187865,0.3076923076923077
1452799,25.0,51.0,1385.34610635304,0.3110367892976589
1453399,25.0,51.0,1383.1440406668682,0.31438127090301005
1453999,25.0,51.0,1418.057742835739,0.3177257525083612
1454599,25.0,51.0,1410.5917468889133,0.3210702341137124
1455199,25.0,51.0,1442.1582984625982,0.32441471571906355
1455799,25.0,51.0,1435.2522852910388,0.3277591973244147
1456399,25.0,51.0,1464.3809454703255,0.3311036789297659
1456999,25.0,51.0,1420.8847944086733,0.33444816053511706
1457599,25.0,51.0,1450.7956705298395,0.3377926421404682
1458199,25.0,51.0,1456.5786371631245,0.3411371237458194
1458799,25.0,51.0,1509.0551286676468,0.34448160535117056
1459399,25.0,51.0,1523.9370473447123,0.34782608695652173
1459999,25.0,51.0,1520.5053469713753,0.3511705685618729
1460599,25.0,51.0,1510.1824992181514,0.35451505016722407
1461199,25.0,51.0,1517.6562141539584,0.35785953177257523
1461799,25.0,51.0,1533.903221369167,0.3612040133779264
1462399,25.0,51.0,1532.5188733930893,0.36454849498327757
1462999,25.0,51.0,1565.0798898119417,0.36789297658862874
1463599,25.0,51.0,1554.7682393532048,0.3712374581939799
1464199,25.0,51.0,1567.560612312021,0.3745819397993311
1464799,25.0,51.0,1556.1463830101202,0.37792642140468224
1465399,25.0,51.0,1597.3437146931499,0.3812709030100334
1465999,25.0,51.0,1627.3891212752071,0.3846153846153846
1466599,25.0,51.0,1584.8324968646764,0.3879598662207358
1467199,25.0,51.0,1593.21821708722,0.391304347826087
1467799,25.0,51.0,1629.7122089283719,0.39464882943143814
1468399,25.0,51.0,1647.0906066048635,0.3979933110367893
1468999,25.0,51.0,1668.0938817213507,0.4013377926421405
1469599,25.0,51.0,1654.630420394543,0.40468227424749165
1470199,25.0,51.0,1652.7273109723005,0.4080267558528428
1470799,25.0,51.0,1668.785041742913,0.411371237458194
1471399,25.0,51.0,1685.686268278379,0.41471571906354515
1471999,25.0,51.0,1694.0125095471062,0.4180602006688963
1472599,25.0,51.0,1707.1044352488495,0.4214046822742475
1473199,25.0,51.0,1705.3889379351438,0.42474916387959866
1473799,25.0,51.0,1684.1602448037042,0.4280936454849498
1474399,25.0,51.0,1721.4239597805101,0.431438127090301
1474999,25.0,51.0,1715.720134710319,0.43478260869565216
1475599,25.0,51.0,1751.728697796428,0.43812709030100333
1476199,25.0,51.0,1730.3838679849339,0.4414715719063545
1476799,25.0,51.0,1765.6015402073197,0.44481605351170567
1477399,25.0,51.0,1735.8595514621068,0.44816053511705684
1477999,25.0,51.0,1781.737867523576,0.451505016722408
1478599,25.0,51.0,1801.709076526332,0.45484949832775917
1479199,25.0,51.0,1774.3919580835664,0.45819397993311034
1479799,25.0,51.0,1834.424202744279,0.4615384615384615
1480399,25.0,51.0,1829.6820562314094,0.4648829431438127
1480999,25.0,51.0,1826.8806776610718,0.46822742474916385
1481599,25.0,51.0,1816.3343301302075,0.47157190635451507
1482199,25.0,51.0,1858.8262432706395,0.47491638795986624
1482799,25.0,51.0,1856.7475280001893,0.4782608695652174
1483399,25.0,51.0,1857.805822811211,0.4816053511705686
1483999,25.0,51.0,1867.1722916091085,0.48494983277591974
1484599,25.0,51.0,1887.7429214449594,0.4882943143812709
1485199,25.0,51.0,1891.5645994932615,0.4916387959866221
1485799,25.0,51.0,1901.0960363099116,0.49498327759197325
1486399,25.0,51.0,1917.2437633037086,0.4983277591973244
1486999,25.0,51.0,1915.5793466773243,0.5016722408026756
1487599,25.0,51.0,1926.607838800111,0.5050167224080268
1488199,25.0,51.0,1947.3429256372056,0.5083612040133779
1488799,25.0,51.0,1943.4184119341905,0.5117056856187291
1489399,25.0,51.0,1959.8498277387541,0.5150501672240803
1489999,25.0,51.0,1956.7556812603227,0.5183946488294314
1490599,25.0,51.0,1956.5798880230045,0.5217391304347826
1491199,25.0,51.0,1961.8045103604295,0.5250836120401338
1491799,25.0,51.0,1990.5893420620998,0.5284280936454849
1492399,25.0,51.0,1978.3543071432566,0.5317725752508361
1492999,25.0,51.0,1989.9207208632902,0.5351170568561873
1493599,25.0,51.0,2016.339183123034,0.5384615384615384
1494199,25.0,51.0,2020.955263109627,0.5418060200668896
1494799,25.0,51.0,2034.2497818353004,0.5451505016722408
1495399,25.0,51.0,2030.9624051450726,0.5484949832775919
1495999,25.0,51.0,2029.6789610671667,0.5518394648829431
1496599,25.0,51.0,2059.350344980165,0.5551839464882943
1497199,25.0,51.0,2064.372347561453,0.5585284280936454
1497799,25.0,51.0,2068.031930303813,0.5618729096989966
1498399,25.0,51.0,2090.1507830657843,0.5652173913043478
1498999,25.0,51.0,2091.012496431279,0.568561872909699
1499599,25.0,51.0,2094.1690221994118,0.5719063545150501
1500199,25.0,51.0,2115.773138748729,0.5752508361204013
1500799,25.0,51.0,2096.8071019111,0.5785953177257525
1501399,25.0,51.0,2137.047563556575,0.5819397993311036
1501999,25.0,51.0,2134.669054927988,0.5852842809364548
1502599,25.0,51.0,2134.959325014265,0.588628762541806
1503199,25.0,51.0,2165.1297344190425,0.5919732441471571
1503799,25.0,51.0,2186.6515584423705,0.5953177257525083
1504399,25.0,51.0,2183.7190875580786,0.5986622073578595
1504999,25.0,51.0,2192.7869243745463,0.6020066889632107
1505599,25.0,51.0,2204.306970932892,0.6053511705685619
1506199,25.0,51.0,2211.7889394594563,0.6086956521739131
1506799,25.0,51.0,2229.679683458684,0.6120401337792643
1507399,25.0,51.0,2228.4991324182674,0.6153846153846154
1507999,25.0,51.0,2245.897228618617,0.6187290969899666
1508599,25.0,51.0,2239.8372155101706,0.6220735785953178
1509199,25.0,51.0,2242.9169403885408,0.6254180602006689
1509799,25.0,51.0,2258.6518825345793,0.6287625418060201
1510399,25.0,51.0,2269.0480396447006,0.6321070234113713
1510999,25.0,51.0,2283.9588457218647,0.6354515050167224
1511599,25.0,51.0,2303.597584569287,0.6387959866220736
1512199,25.0,51.0,2309.8660648382856,0.6421404682274248
1512799,25.0,51.0,2283.9912728873855,0.6454849498327759
1513399,25.0,51.0,2302.4049688834575,0.6488294314381271
1513999,25.0,51.0,2319.8480583757423,0.6521739130434783
1514599,25.0,51.0,2343.448647064394,0.6555183946488294
1515199,25.0,51.0,2338.695449918246,0.6588628762541806
1515799,25.0,51.0,2334.1034297489023,0.6622073578595318
1516399,25.0,51.0,2355.0443903507676,0.6655518394648829
1516999,25.0,51.0,2366.2908844843596,0.6688963210702341
1517599,25.0,51.0,2393.301173237301,0.6722408026755853
1518199,25.0,51.0,2389.786621046806,0.6755852842809364
1518799,25.0,51.0,2420.3109114690933,0.6789297658862876
1519399,25.0,51.0,2393.0874677477245,0.6822742474916388
1519999,25.0,51.0,2396.171418703917,0.68561872909699
1520599,25.0,51.0,2424.90763460868,0.6889632107023411
1521199,25.0,51.0,2446.426575547329,0.6923076923076923
1521799,25.0,51.0,2450.745959355319,0.6956521739130435
1522399,25.0,51.0,2468.2871668248113,0.6989966555183946
1522999,25.0,51.0,2466.9283672840033,0.7023411371237458
1523599,25.0,51.0,2482.3841737371076,0.705685618729097
1524199,25.0,51.0,2475.6339908957757,0.7090301003344481
1524799,25.0,51.0,2501.3667620746955,0.7123745819397993
1525399,25.0,51.0,2522.0892365720174,0.7157190635451505
1525999,25.0,51.0,2497.6579585169866,0.7190635451505016
1526599,25.0,51.0,2512.147050222268,0.7224080267558528
1527199,25.0,51.0,2493.141634893555,0.725752508361204
1527799,25.0,51.0,2531.31097133028,0.7290969899665551
1528399,25.0,51.0,2575.716835856378,0.7324414715719063
1528999,25.0,51.0,2560.4707769030706,0.7357859531772575
1529599,25.0,51.0,2565.7548300599688,0.7391304347826086
1530199,25.0,51.0,2575.6402840659644,0.7424749163879598
1530799,25.0,51.0,2593.9464534425215,0.745819397993311
1531399,25.0,51.0,2595.9643511604268,0.7491638795986622
1531999,25.0,51.0,2579.704827483798,0.7525083612040133
1532599,25.0,51.0,2594.5656110723658,0.7558528428093645
1533199,25.0,51.0,2629.830124963898,0.7591973244147157
1533799,25.0,51.0,2609.365017143846,0.7625418060200668
1534399,25.0,51.0,2640.886202957734,0.765886287625418
1534999,25.0,51.0,2643.2157378641205,0.7692307692307692
1535599,25.0,51.0,2656.936491700844,0.7725752508361204
1536199,25.0,51.0,2663.2968279086613,0.7759197324414716
1536799,25.0,51.0,2665.430040867244,0.7792642140468228
1537399,25.0,51.0,2668.1170250092905,0.782608695652174
1537999,25.0,51.0,2692.8333904102697,0.7859531772575251
1538599,25.0,51.0,2719.2521978759924,0.7892976588628763
1539199,25.0,51.0,2731.467199047793,0.7926421404682275
1539799,25.0,51.0,2725.4059291458234,0.7959866220735786
1540399,25.0,51.0,2702.3510378848064,0.7993311036789298
1540999,25.0,51.0,2737.4819412370002,0.802675585284281
1541599,25.0,51.0,2752.940388150392,0.8060200668896321
1542199,25.0,51.0,2737.0632310419433,0.8093645484949833
1542799,25.0,51.0,2773.8614757554888,0.8127090301003345
1543399,25.0,51.0,2803.2851593832775,0.8160535117056856
1543999,25.0,51.0,2778.8442185985596,0.8193979933110368
1544599,25.0,51.0,2824.2297057346223,0.822742474916388
1545199,25.0,51.0,2810.7445355721784,0.8260869565217391
1545799,25.0,51.0,2799.1809630699627,0.8294314381270903
1546399,25.0,51.0,2799.7981585460484,0.8327759197324415
1546999,25.0,51.0,2825.210811805547,0.8361204013377926
1547599,25.0,51.0,2841.0044968162483,0.8394648829431438
1548199,25.0,51.0,2819.0993223320133,0.842809364548495
1548799,25.0,51.0,2887.808535875513,0.8461538461538461
1549399,25.0,51.0,2859.0998874963193,0.8494983277591973
1549999,25.0,51.0,2889.811995314999,0.8528428093645485
1550599,25.0,51.0,2874.6005646028043,0.8561872909698997
1551199,25.0,51.0,2855.1984569358183,0.8595317725752508
1551799,25.0,51.0,2888.478708011101,0.862876254180602
1552399,25.0,51.0,2914.988111257784,0.8662207357859532
1552999,25.0,51.0,2894.1755983157877,0.8695652173913043
1553599,25.0,51.0,2914.5190018387098,0.8729096989966555
1554199,25.0,51.0,2933.923129360046,0.8762541806020067
1554799,25.0,51.0,2942.159479260027,0.8795986622073578
1555399,25.0,51.0,2965.1336265525524,0.882943143812709
1555999,25.0,51.0,2974.0375603980833,0.8862876254180602
1556599,25.0,51.0,2981.2256447890727,0.8896321070234113
1557199,25.0,51.0,2985.071964443117,0.8929765886287625
1557799,25.0,51.0,2999.7398204547735,0.8963210702341137
1558399,25.0,51.0,2985.154719433835,0.8996655518394648
1558999,25.0,51.0,3024.381509461436,0.903010033444816
1559599,25.0,51.0,3024.395822550961,0.9063545150501672
1560199,25.0,51.0,3023.564024500772,0.9096989966555183
1560799,25.0,51.0,3036.5323758891313,0.9130434782608695
1561399,25.0,51.0,3040.563304137039,0.9163879598662207
1561999,25.0,51.0,3066.7507484519356,0.9197324414715718
1562599,25.0,51.0,3060.079553795573,0.923076923076923
1563199,25.0,51.0,3062.2212494947967,0.9264214046822742
1563799,25.0,51.0,3070.2026789881984,0.9297658862876254
1564399,25.0,51.0,3100.64446548701,0.9331103678929765
1564999,25.0,51.0,3105.0074824806543,0.9364548494983277
1565599,25.0,51.0,3105.0605644034554,0.9397993311036789
1566199,25.0,51.0,3141.865749748881,0.9431438127090301
1566799,25.0,51.0,3142.6457514511153,0.9464882943143813
1567399,25.0,51.0,3131.304083874678,0.9498327759197325
1567999,25.0,51.0,3153.2567069022493,0.9531772575250836
1568599,25.0,51.0,3150.254492023174,0.9565217391304348
1569199,25.0,51.0,3175.1406749046014,0.959866220735786
1569799,25.0,51.0,3171.507248830987,0.9632107023411371
1570399,25.0,51.0,3181.8080217241913,0.9665551839464883
1570999,25.0,51.0,3150.567818758779,0.9698996655518395
1571599,25.0,51.0,3195.294059275838,0.9732441471571907
1572199,25.0,51.0,3205.0165332148363,0.9765886287625418
1572799,25.0,51.0,3225.457578064263,0.979933110367893
1573399,25.0,51.0,3223.2832935937918,0.9832775919732442
1573999,25.0,51.0,3231.4868421748974,0.9866220735785953
1574599,25.0,51.0,3250.353570724637,0.9899665551839465
1575199,25.0,51.0,3221.6554924916486,0.9933110367892977
1575799,25.0,51.0,3291.7437737592736,0.9966555183946488
1576399,25.0,51.0,3250.8847877765934,1.0
